{"log_episodes": [0, 500, 1000, 1500, 2000, 2500, 3000, 3500, 4000, 4500, 5000, 5500, 6000, 6500, 7000, 7500, 8000, 8500, 9000, 9500, 10000, 10500, 11000, 11500, 12000, 12500, 13000, 13500, 14000, 14500, 15000, 15500, 16000, 16500, 17000, 17500, 18000, 18500, 19000, 19500, 20000, 20500, 21000, 21500, 22000, 22500, 23000, 23500, 24000, 24500, 25000, 25500, 26000, 26500, 27000, 27500, 28000, 28500, 29000, 29500], "win_rate": [0.0, 0.302, 0.332, 0.286, 0.33, 0.376, 0.368, 0.412, 0.396, 0.42, 0.432, 0.45, 0.442, 0.498, 0.448, 0.53, 0.52, 0.53, 0.546, 0.594, 0.578, 0.616, 0.602, 0.638, 0.58, 0.654, 0.622, 0.682, 0.672, 0.68, 0.692, 0.744, 0.716, 0.736, 0.718, 0.746, 0.756, 0.782, 0.79, 0.814, 0.812, 0.854, 0.81, 0.822, 0.868, 0.876, 0.852, 0.876, 0.87, 0.906, 0.92, 0.908, 0.906, 0.946, 0.93, 0.942, 0.938, 0.954, 0.948, 0.948], "epsilon_array": [0.9, 0.8830200000000773, 0.8657000000001561, 0.8480400000002365, 0.8308600000003147, 0.8136900000003928, 0.7965700000004707, 0.7799400000005464, 0.7629800000006236, 0.7464700000006987, 0.730160000000773, 0.7140400000008463, 0.6976600000009209, 0.6814100000009948, 0.6649600000010697, 0.6491300000011417, 0.6333000000012138, 0.617660000001285, 0.602260000001355, 0.5872900000014232, 0.5722100000014918, 0.5572000000015601, 0.5422300000016282, 0.5274200000016956, 0.5121300000017652, 0.49753000000181796, 0.48243000000180286, 0.46794000000178837, 0.4533600000017738, 0.4386900000017591, 0.42413000000174456, 0.41081000000173123, 0.3963600000017168, 0.3828900000017033, 0.3689700000016894, 0.3554800000016759, 0.341600000001662, 0.3281000000016485, 0.31462000000163504, 0.3010700000016215, 0.2879600000016084, 0.2749000000015953, 0.26206000000158247, 0.24934000000156975, 0.23691000000155732, 0.22471000000154512, 0.2121000000015325, 0.19936000000151977, 0.1869900000015074, 0.17502000000149542, 0.16317000000148357, 0.15164000000147204, 0.13987000000146027, 0.12813000000144853, 0.1165000000014487, 0.1051200000014531, 0.1, 0.1, 0.1, 0.1]}