{"log_episodes": [0, 500, 1000, 1500, 2000, 2500, 3000, 3500, 4000], "win_rate": [0.0, 0.074, 0.108, 0.19, 0.284, 0.32, 0.438, 0.5, 0.556], "epsilon_array": [0.9, 0.8272600000003311, 0.7555000000006576, 0.6883100000009634, 0.6256700000012485, 0.5651700000015238, 0.5107800000017714, 0.4596800000017801, 0.4116900000017321]}