{"win_rate": 0.962, "episode": 29500, "epsilon": 0.1, "_timestamp": 1694022519.728934, "_runtime": 610.5383820533752, "_step": 59, "_wandb": {"runtime": 617}}