{"win_rate": 0.968, "episode": 12500, "epsilon": 0.10443000000145337, "_timestamp": 1694022214.5929918, "_runtime": 305.4024398326874, "_step": 25}