{"log_episodes": [0, 500, 1000, 1500, 2000, 2500, 3000, 3500, 4000, 4500, 5000, 5500, 6000, 6500, 7000, 7500, 8000, 8500, 9000, 9500, 10000, 10500, 11000, 11500, 12000, 12500, 13000, 13500, 14000, 14500, 15000, 15500, 16000, 16500, 17000, 17500, 18000, 18500, 19000, 19500, 20000, 20500, 21000, 21500, 22000, 22500, 23000, 23500, 24000, 24500, 25000, 25500, 26000, 26500, 27000, 27500, 28000, 28500, 29000, 29500], "win_rate": [0.0, 0.48, 0.532, 0.49, 0.516, 0.492, 0.498, 0.52, 0.5, 0.492, 0.516, 0.49, 0.514, 0.514, 0.478, 0.478, 0.512, 0.526, 0.502, 0.52, 0.518, 0.508, 0.466, 0.51, 0.496, 0.522, 0.54, 0.506, 0.484, 0.478, 0.514, 0.478, 0.508, 0.494, 0.524, 0.466, 0.498, 0.48, 0.46, 0.52, 0.498, 0.53, 0.498, 0.526, 0.5, 0.496, 0.512, 0.49, 0.52, 0.522, 0.494, 0.506, 0.496, 0.494, 0.472, 0.478, 0.486, 0.5, 0.544, 0.53], "epsilon_array": [0.9, 0.8962300000000172, 0.887470000000057, 0.8787700000000966, 0.8701500000001359, 0.8613500000001759, 0.8526900000002153, 0.8441000000002544, 0.8353100000002944, 0.8265600000003342, 0.8177300000003744, 0.8091300000004136, 0.8003300000004536, 0.7917600000004926, 0.7827600000005336, 0.773880000000574, 0.7650500000006142, 0.7564200000006535, 0.7476400000006934, 0.738950000000733, 0.7302400000007726, 0.7214300000008127, 0.7124700000008535, 0.7037300000008933, 0.6949800000009331, 0.6862400000009728, 0.6776800000010118, 0.6688800000010519, 0.6601000000010918, 0.651280000001132, 0.6426400000011713, 0.6337500000012117, 0.6249900000012516, 0.6163200000012911, 0.6076400000013306, 0.598750000001371, 0.5899900000014109, 0.5812700000014506, 0.5722500000014916, 0.5634900000015315, 0.5547000000015715, 0.5459100000016115, 0.5371500000016514, 0.5287400000016896, 0.5201100000017289, 0.5113700000017687, 0.5025500000018088, 0.49383000000181426, 0.48503000000180546, 0.4762800000017967, 0.467560000001788, 0.4587800000017792, 0.44992000000177035, 0.4411800000017616, 0.4322800000017527, 0.423560000001744, 0.41472000000173515, 0.4058800000017263, 0.3972600000017177, 0.388570000001709]}