{"win_rate": 0.0, "episode": 5500, "epsilon": 0.11044000000145104, "_timestamp": 1693969876.9961867, "_runtime": 178.81212663650513, "_step": 11, "_wandb": {"runtime": 191}}