{"return": 1.0, "_timestamp": 1693685401.9109619, "_runtime": 3617.6813609600067, "_step": 499, "_wandb": {"runtime": 3613}}