{"win_rate": 0.0, "episode": 2000, "epsilon": 0.44282000000176325, "_timestamp": 1693936753.0858476, "_runtime": 106.70530366897583, "_step": 4, "_wandb": {"runtime": 113}}