{"log_episodes": [0, 500, 1000, 1500, 2000, 2500, 3000, 3500, 4000, 4500, 5000, 5500, 6000, 6500, 7000, 7500, 8000, 8500, 9000, 9500, 10000, 10500, 11000, 11500, 12000, 12500, 13000, 13500, 14000, 14500, 15000, 15500, 16000, 16500, 17000, 17500, 18000, 18500, 19000, 19500, 20000, 20500, 21000, 21500, 22000, 22500, 23000, 23500, 24000, 24500, 25000, 25500, 26000, 26500, 27000, 27500, 28000, 28500, 29000, 29500], "win_rate": [0.0, 0.04, 0.066, 0.044, 0.05, 0.048, 0.056, 0.048, 0.048, 0.054, 0.056, 0.05, 0.034, 0.048, 0.03, 0.042, 0.034, 0.056, 0.046, 0.04, 0.042, 0.038, 0.058, 0.048, 0.022, 0.038, 0.03, 0.026, 0.032, 0.028, 0.026, 0.032, 0.01, 0.032, 0.038, 0.038, 0.034, 0.044, 0.026, 0.03, 0.036, 0.022, 0.02, 0.032, 0.036, 0.034, 0.034, 0.022, 0.044, 0.034, 0.028, 0.032, 0.034, 0.044, 0.04, 0.024, 0.028, 0.04, 0.036, 0.018], "epsilon_array": [0.9, 0.8705800000001339, 0.8366900000002881, 0.8025800000004434, 0.7685900000005981, 0.7342900000007542, 0.700260000000909, 0.6661400000010643, 0.6318300000012205, 0.5976400000013761, 0.5635400000015313, 0.5292800000016872, 0.4947700000018152, 0.46074000000178117, 0.42621000000174664, 0.39194000000171236, 0.35753000000167795, 0.3236700000016441, 0.2894600000016099, 0.2551900000015756, 0.22081000000154122, 0.18658000000150698, 0.15275000000147315, 0.11877000000144781, 0.1, 0.1, 0.1, 0.1, 0.1, 0.1, 0.1, 0.1, 0.1, 0.1, 0.1, 0.1, 0.1, 0.1, 0.1, 0.1, 0.1, 0.1, 0.1, 0.1, 0.1, 0.1, 0.1, 0.1, 0.1, 0.1, 0.1, 0.1, 0.1, 0.1, 0.1, 0.1, 0.1, 0.1, 0.1, 0.1]}