{"log_episodes": [0, 500, 1000, 1500, 2000, 2500, 3000, 3500, 4000, 4500, 5000, 5500, 6000, 6500, 7000, 7500, 8000, 8500, 9000, 9500, 10000, 10500, 11000, 11500, 12000, 12500, 13000, 13500, 14000, 14500, 15000, 15500, 16000, 16500, 17000, 17500, 18000, 18500, 19000, 19500, 20000, 20500, 21000, 21500, 22000, 22500, 23000, 23500, 24000, 24500, 25000, 25500, 26000, 26500, 27000, 27500, 28000, 28500, 29000, 29500], "win_rate": [0.0, 0.018, 0.038, 0.08, 0.142, 0.204, 0.2, 0.268, 0.332, 0.378, 0.42, 0.48, 0.53, 0.532, 0.632, 0.654, 0.698, 0.696, 0.766, 0.806, 0.834, 0.854, 0.894, 0.906, 0.942, 0.952, 0.966, 0.958, 0.968, 0.964, 0.968, 0.954, 0.95, 0.962, 0.952, 0.968, 0.976, 0.966, 0.968, 0.966, 0.964, 0.958, 0.974, 0.96, 0.968, 0.96, 0.97, 0.952, 0.96, 0.954, 0.946, 0.96, 0.97, 0.958, 0.972, 0.976, 0.962, 0.956, 0.964, 0.954], "epsilon_array": [0.9, 0.8608800000001781, 0.8213600000003579, 0.7827300000005337, 0.7448600000007061, 0.7080300000008737, 0.671040000001042, 0.634570000001208, 0.6000100000013653, 0.5662600000015189, 0.5319300000016751, 0.49883000000181926, 0.46703000000178746, 0.434550000001755, 0.4043000000017247, 0.3740000000016944, 0.3441700000016646, 0.3147800000016352, 0.2867800000016072, 0.25926000000157967, 0.23296000000155337, 0.2066800000015271, 0.18151000000150191, 0.15662000000147702, 0.13325000000145365, 0.10962000000145136, 0.1, 0.1, 0.1, 0.1, 0.1, 0.1, 0.1, 0.1, 0.1, 0.1, 0.1, 0.1, 0.1, 0.1, 0.1, 0.1, 0.1, 0.1, 0.1, 0.1, 0.1, 0.1, 0.1, 0.1, 0.1, 0.1, 0.1, 0.1, 0.1, 0.1, 0.1, 0.1, 0.1, 0.1]}