{"win_rate": 0.0, "episode": 29500, "epsilon": 0.1, "_timestamp": 1693970336.462236, "_runtime": 432.7018368244171, "_step": 59, "_wandb": {"runtime": 437}}