{"win_rate": 0.004, "episode": 2500, "epsilon": 0.5251100000017062, "_timestamp": 1694022200.1660252, "_runtime": 200.11689925193787, "_step": 5}