{"win_rate": 0.002, "episode": 29500, "epsilon": 0.1, "_timestamp": 1694023675.3469002, "_runtime": 1675.2977743148804, "_step": 59, "_wandb": {"runtime": 1689}}