{"log_episodes": [0, 500, 1000, 1500, 2000, 2500, 3000, 3500, 4000, 4500, 5000, 5500, 6000, 6500, 7000, 7500, 8000, 8500, 9000, 9500, 10000, 10500, 11000, 11500, 12000, 12500, 13000, 13500, 14000, 14500, 15000, 15500, 16000, 16500, 17000, 17500, 18000, 18500, 19000, 19500, 20000, 20500, 21000, 21500, 22000, 22500, 23000, 23500, 24000, 24500, 25000, 25500, 26000, 26500, 27000, 27500, 28000, 28500, 29000, 29500], "win_rate": [0.0, 0.168, 0.16, 0.144, 0.138, 0.132, 0.13, 0.128, 0.14, 0.114, 0.098, 0.092, 0.09, 0.108, 0.094, 0.084, 0.04, 0.06, 0.048, 0.026, 0.026, 0.15, 0.432, 0.77, 0.936, 0.912, 0.95, 0.944, 0.952, 0.958, 0.954, 0.954, 0.944, 0.948, 0.93, 0.928, 0.946, 0.952, 0.94, 0.94, 0.948, 0.96, 0.962, 0.958, 0.962, 0.954, 0.938, 0.95, 0.952, 0.964, 0.934, 0.948, 0.952, 0.972, 0.952, 0.96, 0.958, 0.944, 0.968, 0.94], "epsilon_array": [0.8, 0.7683200000001442, 0.734970000000296, 0.701560000000448, 0.6680800000006004, 0.6345400000007531, 0.6010900000009053, 0.5674000000010586, 0.5346500000012077, 0.5011100000013603, 0.46691000000133226, 0.43281000000129816, 0.39862000000126396, 0.3653600000012307, 0.33163000000119697, 0.29790000000116323, 0.2633700000011287, 0.22949000000109482, 0.19573000000106106, 0.16143000000102675, 0.1272700000009926, 0.1, 0.1, 0.1, 0.1, 0.1, 0.1, 0.1, 0.1, 0.1, 0.1, 0.1, 0.1, 0.1, 0.1, 0.1, 0.1, 0.1, 0.1, 0.1, 0.1, 0.1, 0.1, 0.1, 0.1, 0.1, 0.1, 0.1, 0.1, 0.1, 0.1, 0.1, 0.1, 0.1, 0.1, 0.1, 0.1, 0.1, 0.1, 0.1]}