{"log_episodes": [0, 500, 1000, 1500, 2000, 2500, 3000, 3500, 4000, 4500, 5000, 5500, 6000, 6500, 7000, 7500, 8000, 8500, 9000, 9500, 10000, 10500, 11000, 11500, 12000, 12500, 13000, 13500, 14000, 14500, 15000, 15500, 16000, 16500, 17000, 17500, 18000, 18500, 19000, 19500, 20000, 20500, 21000, 21500, 22000, 22500, 23000, 23500, 24000, 24500, 25000, 25500, 26000, 26500, 27000, 27500, 28000, 28500, 29000, 29500], "win_rate": [0.0, 0.214, 0.208, 0.21, 0.204, 0.196, 0.204, 0.218, 0.196, 0.236, 0.224, 0.202, 0.182, 0.182, 0.2, 0.168, 0.192, 0.162, 0.174, 0.188, 0.196, 0.172, 0.154, 0.162, 0.176, 0.16, 0.184, 0.174, 0.176, 0.19, 0.14, 0.148, 0.154, 0.172, 0.166, 0.178, 0.19, 0.132, 0.148, 0.156, 0.174, 0.17, 0.162, 0.18, 0.166, 0.15, 0.156, 0.174, 0.162, 0.152, 0.17, 0.184, 0.146, 0.16, 0.158, 0.156, 0.144, 0.182, 0.156, 0.19], "epsilon_array": [0.5, 0.48674999999998675, 0.46843999999996844, 0.45033999999995034, 0.43194999999993194, 0.4137299999999137, 0.39533999999989533, 0.3771299999998771, 0.35856999999985856, 0.34076999999984076, 0.32287999999982286, 0.30456999999980455, 0.28608999999978607, 0.26775999999976774, 0.2496199999997496, 0.23118999999973117, 0.21285999999971283, 0.1942299999996942, 0.17597999999967595, 0.15794999999965792, 0.1399199999996399, 0.12167999999962627, 0.10324999999963341, 0.1, 0.1, 0.1, 0.1, 0.1, 0.1, 0.1, 0.1, 0.1, 0.1, 0.1, 0.1, 0.1, 0.1, 0.1, 0.1, 0.1, 0.1, 0.1, 0.1, 0.1, 0.1, 0.1, 0.1, 0.1, 0.1, 0.1, 0.1, 0.1, 0.1, 0.1, 0.1, 0.1, 0.1, 0.1, 0.1, 0.1]}