{"log_episodes": [0, 500, 1000, 1500, 2000, 2500, 3000, 3500, 4000, 4500, 5000, 5500, 6000, 6500, 7000, 7500, 8000, 8500, 9000, 9500, 10000, 10500, 11000, 11500, 12000, 12500, 13000, 13500, 14000, 14500, 15000, 15500, 16000, 16500, 17000, 17500, 18000, 18500, 19000, 19500, 20000, 20500, 21000, 21500, 22000, 22500, 23000, 23500, 24000, 24500, 25000, 25500, 26000, 26500, 27000, 27500, 28000, 28500, 29000, 29500], "win_rate": [0.0, 0.02, 0.01, 0.016, 0.018, 0.012, 0.01, 0.012, 0.02, 0.02, 0.012, 0.012, 0.016, 0.016, 0.016, 0.008, 0.01, 0.018, 0.012, 0.01, 0.016, 0.016, 0.006, 0.01, 0.01, 0.012, 0.012, 0.016, 0.016, 0.016, 0.02, 0.01, 0.02, 0.024, 0.008, 0.008, 0.01, 0.012, 0.008, 0.006, 0.008, 0.01, 0.008, 0.008, 0.012, 0.008, 0.014, 0.008, 0.014, 0.01, 0.024, 0.018, 0.01, 0.008, 0.014, 0.012, 0.018, 0.006, 0.008, 0.012], "epsilon_array": [0.9, 0.8603200000001806, 0.8154800000003847, 0.7709300000005874, 0.7263500000007903, 0.6815800000009941, 0.6368000000011979, 0.5920500000014015, 0.5475000000016043, 0.5030000000018068, 0.4581500000017786, 0.4133600000017338, 0.3687700000016892, 0.3242600000016447, 0.2795900000016, 0.23475000000155516, 0.19002000000151043, 0.14547000000146587, 0.10081000000145478, 0.1, 0.1, 0.1, 0.1, 0.1, 0.1, 0.1, 0.1, 0.1, 0.1, 0.1, 0.1, 0.1, 0.1, 0.1, 0.1, 0.1, 0.1, 0.1, 0.1, 0.1, 0.1, 0.1, 0.1, 0.1, 0.1, 0.1, 0.1, 0.1, 0.1, 0.1, 0.1, 0.1, 0.1, 0.1, 0.1, 0.1, 0.1, 0.1, 0.1, 0.1]}