{"return": 1.0, "_timestamp": 1693679293.5335402, "_runtime": 1508.8235232830048, "_step": 499, "_wandb": {"runtime": 1506}}