{"log_episodes": [0, 500, 1000, 1500, 2000, 2500, 3000, 3500, 4000, 4500, 5000, 5500, 6000, 6500, 7000, 7500, 8000, 8500, 9000, 9500, 10000, 10500, 11000, 11500, 12000, 12500, 13000, 13500, 14000, 14500, 15000, 15500, 16000, 16500, 17000, 17500, 18000, 18500, 19000, 19500, 20000, 20500, 21000, 21500, 22000, 22500, 23000, 23500, 24000, 24500, 25000, 25500, 26000, 26500, 27000, 27500, 28000, 28500, 29000, 29500], "win_rate": [0.002, 0.064, 0.062, 0.076, 0.078, 0.06, 0.082, 0.086, 0.066, 0.064, 0.074, 0.088, 0.078, 0.064, 0.062, 0.092, 0.068, 0.058, 0.068, 0.084, 0.074, 0.088, 0.048, 0.066, 0.066, 0.082, 0.074, 0.086, 0.074, 0.056, 0.062, 0.078, 0.052, 0.056, 0.074, 0.06, 0.052, 0.044, 0.056, 0.09, 0.064, 0.046, 0.072, 0.054, 0.06, 0.054, 0.092, 0.068, 0.052, 0.066, 0.066, 0.078, 0.054, 0.056, 0.06, 0.052, 0.094, 0.062, 0.068, 0.082], "epsilon_array": [0.9, 0.8756500000001108, 0.8463200000002443, 0.8175600000003752, 0.7885500000005072, 0.7592700000006405, 0.7305600000007711, 0.7017900000009021, 0.6725000000010354, 0.6434000000011678, 0.6143400000013001, 0.5855100000014313, 0.5565300000015632, 0.527560000001695, 0.4984800000018189, 0.4698800000017903, 0.4407700000017612, 0.4116500000017321, 0.38264000000170306, 0.3537800000016742, 0.3248700000016453, 0.29623000000161664, 0.26685000000158726, 0.2377900000015582, 0.2087900000015292, 0.17998000000150038, 0.15087000000147127, 0.12202000000144655, 0.1, 0.1, 0.1, 0.1, 0.1, 0.1, 0.1, 0.1, 0.1, 0.1, 0.1, 0.1, 0.1, 0.1, 0.1, 0.1, 0.1, 0.1, 0.1, 0.1, 0.1, 0.1, 0.1, 0.1, 0.1, 0.1, 0.1, 0.1, 0.1, 0.1, 0.1, 0.1]}