{"win_rate": 0.024, "episode": 10500, "_timestamp": 1694022218.4381082, "_runtime": 353.0422112941742, "_step": 21}