{"win_rate": 0.012, "episode": 29500, "_timestamp": 1694023034.6902382, "_runtime": 1169.29434132576, "_step": 59, "_wandb": {"runtime": 1186}}