{"win_rate": 0.0, "episode": 8500, "_timestamp": 1693752221.8845763, "_runtime": 3411.473376274109, "_step": 17}