{"log_episodes": [0, 500, 1000, 1500, 2000, 2500, 3000, 3500, 4000, 4500, 5000, 5500, 6000, 6500, 7000, 7500, 8000, 8500, 9000, 9500, 10000, 10500, 11000, 11500, 12000, 12500, 13000, 13500, 14000, 14500, 15000, 15500, 16000, 16500, 17000, 17500, 18000, 18500, 19000, 19500, 20000, 20500, 21000, 21500, 22000, 22500, 23000, 23500, 24000, 24500, 25000, 25500, 26000, 26500, 27000, 27500, 28000, 28500, 29000, 29500], "win_rate": [0.0, 0.336, 0.32, 0.364, 0.396, 0.402, 0.468, 0.448, 0.436, 0.492, 0.514, 0.514, 0.488, 0.556, 0.61, 0.582, 0.628, 0.638, 0.644, 0.698, 0.716, 0.732, 0.75, 0.752, 0.788, 0.788, 0.782, 0.79, 0.8, 0.826, 0.858, 0.86, 0.884, 0.874, 0.87, 0.872, 0.9, 0.904, 0.93, 0.932, 0.912, 0.952, 0.952, 0.95, 0.946, 0.962, 0.95, 0.95, 0.936, 0.936, 0.96, 0.94, 0.928, 0.944, 0.96, 0.928, 0.96, 0.96, 0.952, 0.946], "epsilon_array": [0.9, 0.8724400000001254, 0.8434500000002574, 0.8151600000003861, 0.7878900000005102, 0.7607300000006338, 0.7353300000007494, 0.7099900000008648, 0.6841700000009823, 0.6596500000010939, 0.6355100000012037, 0.611510000001313, 0.5867800000014255, 0.5640800000015288, 0.5419600000016295, 0.5197700000017305, 0.4988600000018193, 0.4781700000017986, 0.45751000000177794, 0.4377800000017582, 0.41924000000173967, 0.4002600000017207, 0.3820900000017025, 0.36432000000168474, 0.3473600000016678, 0.33015000000165057, 0.3130900000016335, 0.2961600000016166, 0.2794700000015999, 0.2632900000015837, 0.2478800000015683, 0.23273000000155314, 0.21831000000153872, 0.2039000000015243, 0.18948000000150989, 0.17507000000149547, 0.16125000000148165, 0.14726000000146766, 0.13464000000145504, 0.12196000000144658, 0.10867000000145173, 0.1, 0.1, 0.1, 0.1, 0.1, 0.1, 0.1, 0.1, 0.1, 0.1, 0.1, 0.1, 0.1, 0.1, 0.1, 0.1, 0.1, 0.1, 0.1]}