{"log_episodes": [0, 500, 1000, 1500, 2000, 2500, 3000, 3500, 4000, 4500, 5000, 5500, 6000, 6500, 7000, 7500, 8000, 8500, 9000, 9500, 10000, 10500, 11000, 11500, 12000, 12500, 13000, 13500, 14000, 14500, 15000, 15500, 16000, 16500, 17000, 17500, 18000, 18500, 19000, 19500, 20000, 20500, 21000, 21500, 22000, 22500, 23000, 23500, 24000, 24500, 25000, 25500, 26000, 26500, 27000, 27500, 28000, 28500, 29000, 29500], "win_rate": [0.0, 0.008, 0.0, 0.008, 0.004, 0.004, 0.008, 0.004, 0.004, 0.006, 0.008, 0.0, 0.006, 0.004, 0.006, 0.002, 0.006, 0.002, 0.002, 0.008, 0.002, 0.002, 0.008, 0.004, 0.006, 0.0, 0.002, 0.002, 0.006, 0.008, 0.0, 0.006, 0.002, 0.004, 0.004, 0.008, 0.002, 0.008, 0.002, 0.004, 0.006, 0.008, 0.006, 0.002, 0.006, 0.004, 0.002, 0.0, 0.0, 0.004, 0.002, 0.0, 0.004, 0.006, 0.004, 0.004, 0.002, 0.002, 0.006, 0.0], "epsilon_array": [0.9, 0.8500000000002276, 0.7950000000004779, 0.7402000000007273, 0.6853100000009771, 0.6304900000012266, 0.5755400000014766, 0.5206400000017265, 0.4656700000017861, 0.41072000000173114, 0.3559700000016764, 0.3009700000016214, 0.24612000000156653, 0.19118000000151159, 0.13634000000145674, 0.1, 0.1, 0.1, 0.1, 0.1, 0.1, 0.1, 0.1, 0.1, 0.1, 0.1, 0.1, 0.1, 0.1, 0.1, 0.1, 0.1, 0.1, 0.1, 0.1, 0.1, 0.1, 0.1, 0.1, 0.1, 0.1, 0.1, 0.1, 0.1, 0.1, 0.1, 0.1, 0.1, 0.1, 0.1, 0.1, 0.1, 0.1, 0.1, 0.1, 0.1, 0.1, 0.1, 0.1, 0.1]}