{"win_rate": 0.008, "episode": 12500, "_timestamp": 1694022213.809221, "_runtime": 339.1691861152649, "_step": 25}