{"win_rate": 0.012, "episode": 29500, "_timestamp": 1694022664.0684354, "_runtime": 789.42840051651, "_step": 59, "_wandb": {"runtime": 798}}