{"log_episodes": [0, 500, 1000, 1500, 2000, 2500, 3000, 3500, 4000, 4500, 5000, 5500, 6000, 6500, 7000, 7500, 8000, 8500, 9000, 9500, 10000, 10500, 11000, 11500, 12000, 12500, 13000, 13500, 14000, 14500, 15000, 15500, 16000, 16500, 17000, 17500, 18000, 18500, 19000, 19500, 20000, 20500, 21000, 21500, 22000, 22500, 23000, 23500, 24000, 24500, 25000, 25500, 26000, 26500, 27000, 27500, 28000, 28500, 29000, 29500], "win_rate": [0.0, 0.216, 0.228, 0.17, 0.204, 0.22, 0.222, 0.224, 0.228, 0.21, 0.202, 0.2, 0.226, 0.222, 0.19, 0.238, 0.23, 0.234, 0.206, 0.21, 0.21, 0.222, 0.22, 0.202, 0.174, 0.184, 0.196, 0.212, 0.198, 0.212, 0.2, 0.214, 0.204, 0.176, 0.206, 0.22, 0.16, 0.168, 0.186, 0.178, 0.184, 0.176, 0.168, 0.204, 0.218, 0.196, 0.208, 0.222, 0.194, 0.204, 0.2, 0.198, 0.202, 0.204, 0.212, 0.18, 0.198, 0.254, 0.2, 0.228], "epsilon_array": [0.9, 0.8869800000000593, 0.8690000000001411, 0.8503200000002261, 0.8318400000003102, 0.8138100000003923, 0.7954500000004758, 0.7773400000005583, 0.7592400000006406, 0.740920000000724, 0.7226100000008073, 0.7042800000008907, 0.6862800000009727, 0.6682400000010548, 0.649960000001138, 0.6319200000012201, 0.6141500000013009, 0.5960400000013834, 0.5779100000014659, 0.5597100000015487, 0.5415500000016313, 0.5233100000017143, 0.5050100000017976, 0.48670000000180713, 0.4681700000017886, 0.44993000000177036, 0.43163000000175206, 0.41353000000173396, 0.39561000000171603, 0.377560000001698, 0.3593800000016798, 0.34144000000166186, 0.32322000000164364, 0.30473000000162515, 0.2866900000016071, 0.268600000001589, 0.2500100000015704, 0.23163000000155204, 0.21332000000153373, 0.19506000000151547, 0.1768000000014972, 0.15842000000147882, 0.1399100000014603, 0.1216300000014467, 0.10357000000145371, 0.1, 0.1, 0.1, 0.1, 0.1, 0.1, 0.1, 0.1, 0.1, 0.1, 0.1, 0.1, 0.1, 0.1, 0.1]}