{"log_episodes": [0, 500, 1000], "win_rate": [0.0, 0.16, 0.096], "epsilon_array": [0.5, 0.46846999999996847, 0.4341299999999341]}