{"return": 1.0, "_timestamp": 1693676229.6667025, "_runtime": 55.093573570251465, "_step": 499, "_wandb": {"runtime": 50}}