{"log_episodes": [0, 500, 1000, 1500, 2000, 2500, 3000, 3500, 4000, 4500, 5000, 5500, 6000, 6500], "win_rate": [0.0, 0.016, 0.014, 0.002, 0.006, 0.006, 0.006, 0.004, 0.002, 0.004, 0.004, 0.002, 0.012, 0.01], "epsilon_array": [0.9, 0.863960000000164, 0.8274000000003304, 0.7902600000004995, 0.7533400000006675, 0.7164400000008354, 0.6806800000009982, 0.6457600000011571, 0.6111400000013146, 0.5759200000014749, 0.5423000000016279, 0.5090000000017795, 0.47670000000179713, 0.44544000000176587]}