{"win_rate": 0.0, "episode": 6500, "_timestamp": 1693752224.8966498, "_runtime": 1123.6387038230896, "_step": 13}