{"log_episodes": [0, 500, 1000, 1500, 2000, 2500, 3000, 3500, 4000, 4500, 5000, 5500, 6000, 6500, 7000, 7500, 8000, 8500, 9000, 9500, 10000, 10500, 11000, 11500, 12000, 12500, 13000, 13500, 14000, 14500, 15000, 15500, 16000, 16500, 17000, 17500, 18000, 18500, 19000, 19500, 20000, 20500, 21000, 21500, 22000, 22500, 23000, 23500, 24000, 24500, 25000, 25500, 26000, 26500, 27000, 27500, 28000, 28500, 29000, 29500], "win_rate": [0.0, 0.214, 0.218, 0.188, 0.216, 0.194, 0.198, 0.218, 0.224, 0.196, 0.222, 0.21, 0.222, 0.236, 0.218, 0.21, 0.18, 0.218, 0.184, 0.194, 0.216, 0.2, 0.182, 0.164, 0.214, 0.176, 0.212, 0.21, 0.198, 0.216, 0.228, 0.212, 0.192, 0.176, 0.208, 0.2, 0.186, 0.212, 0.216, 0.23, 0.216, 0.176, 0.18, 0.174, 0.206, 0.188, 0.178, 0.172, 0.184, 0.198, 0.148, 0.158, 0.158, 0.224, 0.19, 0.214, 0.19, 0.196, 0.254, 0.196], "epsilon_array": [0.9, 0.88681000000006, 0.8684800000001435, 0.8499500000002278, 0.8317900000003104, 0.8132300000003949, 0.7947300000004791, 0.776520000000562, 0.7583700000006446, 0.7399400000007285, 0.7214300000008127, 0.7030900000008962, 0.6849500000009787, 0.666860000001061, 0.6485700000011443, 0.630180000001228, 0.611940000001311, 0.5938600000013933, 0.5753400000014776, 0.556780000001562, 0.5386500000016445, 0.520320000001728, 0.5017000000018127, 0.4829700000018034, 0.46473000000178516, 0.44621000000176664, 0.42792000000174835, 0.40962000000173004, 0.3913700000017118, 0.3731900000016936, 0.3549700000016754, 0.3368000000016572, 0.3184600000016389, 0.3001100000016205, 0.2820100000016024, 0.2637000000015841, 0.24533000000156574, 0.22687000000154728, 0.2086900000015291, 0.19061000000151102, 0.1724000000014928, 0.1540900000014745, 0.13586000000145626, 0.1175300000014483, 0.1, 0.1, 0.1, 0.1, 0.1, 0.1, 0.1, 0.1, 0.1, 0.1, 0.1, 0.1, 0.1, 0.1, 0.1, 0.1]}