{"log_episodes": [0, 500, 1000, 1500, 2000, 2500, 3000, 3500, 4000, 4500, 5000, 5500, 6000, 6500, 7000, 7500, 8000, 8500, 9000, 9500, 10000, 10500, 11000, 11500, 12000, 12500, 13000, 13500, 14000, 14500, 15000, 15500, 16000, 16500, 17000, 17500, 18000, 18500, 19000, 19500, 20000, 20500, 21000, 21500, 22000, 22500, 23000, 23500, 24000, 24500, 25000, 25500, 26000, 26500, 27000, 27500, 28000, 28500, 29000, 29500], "win_rate": [0.0, 0.024, 0.022, 0.06, 0.062, 0.12, 0.16, 0.242, 0.35, 0.37, 0.418, 0.46, 0.546, 0.524, 0.59, 0.666, 0.688, 0.726, 0.73, 0.814, 0.818, 0.85, 0.896, 0.916, 0.948, 0.968, 0.962, 0.952, 0.966, 0.986, 0.966, 0.966, 0.966, 0.962, 0.932, 0.97, 0.966, 0.964, 0.964, 0.946, 0.966, 0.96, 0.95, 0.956, 0.958, 0.964, 0.96, 0.956, 0.954, 0.966, 0.978, 0.97, 0.972, 0.96, 0.97, 0.964, 0.956, 0.96, 0.96, 0.962], "epsilon_array": [0.9, 0.8610900000001771, 0.8214100000003577, 0.7825100000005347, 0.7436100000007118, 0.7054300000008855, 0.6679100000010563, 0.6311600000012235, 0.5965000000013813, 0.5617600000015394, 0.5276800000016945, 0.49444000000181487, 0.4623600000017828, 0.430600000001751, 0.3996500000017201, 0.36912000000168954, 0.3395000000016599, 0.31092000000163134, 0.2819800000016024, 0.2542100000015746, 0.2278000000015482, 0.20157000000152198, 0.17668000000149708, 0.1514900000014719, 0.1282100000014486, 0.10443000000145337, 0.1, 0.1, 0.1, 0.1, 0.1, 0.1, 0.1, 0.1, 0.1, 0.1, 0.1, 0.1, 0.1, 0.1, 0.1, 0.1, 0.1, 0.1, 0.1, 0.1, 0.1, 0.1, 0.1, 0.1, 0.1, 0.1, 0.1, 0.1, 0.1, 0.1, 0.1, 0.1, 0.1, 0.1]}