{"win_rate": 0.0, "episode": 24500, "epsilon": 0.1, "_timestamp": 1693969675.7775471, "_runtime": 695.948212146759, "_step": 49, "_wandb": {"runtime": 707}}