{"win_rate": 0.556, "episode": 4000, "epsilon": 0.4116900000017321, "_timestamp": 1694022214.4040546, "_runtime": 205.40843272209167, "_step": 8}