{"win_rate": 0.958, "episode": 29500, "epsilon": 0.1, "_timestamp": 1694022769.2499666, "_runtime": 760.254344701767, "_step": 59, "_wandb": {"runtime": 766}}