{"log_episodes": [0, 500, 1000, 1500, 2000, 2500, 3000, 3500, 4000, 4500, 5000, 5500, 6000, 6500, 7000, 7500, 8000, 8500, 9000, 9500, 10000, 10500, 11000, 11500, 12000, 12500, 13000, 13500, 14000, 14500, 15000, 15500, 16000, 16500, 17000, 17500, 18000, 18500, 19000, 19500, 20000, 20500, 21000, 21500, 22000, 22500, 23000, 23500, 24000, 24500, 25000, 25500, 26000, 26500, 27000, 27500, 28000, 28500, 29000, 29500], "win_rate": [0.0, 0.042, 0.144, 0.194, 0.304, 0.32, 0.452, 0.464, 0.548, 0.616, 0.7, 0.778, 0.826, 0.858, 0.87, 0.876, 0.924, 0.938, 0.966, 0.956, 0.954, 0.968, 0.95, 0.962, 0.972, 0.97, 0.972, 0.976, 0.948, 0.972, 0.974, 0.96, 0.948, 0.962, 0.952, 0.97, 0.968, 0.964, 0.966, 0.974, 0.962, 0.97, 0.964, 0.976, 0.956, 0.948, 0.966, 0.964, 0.968, 0.942, 0.96, 0.952, 0.968, 0.958, 0.962, 0.96, 0.966, 0.962, 0.964, 0.946], "epsilon_array": [0.9, 0.826620000000334, 0.7570100000006508, 0.6902800000009545, 0.6288900000012339, 0.5682700000015097, 0.5141900000017559, 0.4611900000017816, 0.41274000000173316, 0.3678600000016883, 0.32705000000164747, 0.2907800000016112, 0.2562000000015766, 0.2247000000015451, 0.19364000000151405, 0.16355000000148395, 0.1362100000014566, 0.10972000000145132, 0.1, 0.1, 0.1, 0.1, 0.1, 0.1, 0.1, 0.1, 0.1, 0.1, 0.1, 0.1, 0.1, 0.1, 0.1, 0.1, 0.1, 0.1, 0.1, 0.1, 0.1, 0.1, 0.1, 0.1, 0.1, 0.1, 0.1, 0.1, 0.1, 0.1, 0.1, 0.1, 0.1, 0.1, 0.1, 0.1, 0.1, 0.1, 0.1, 0.1, 0.1, 0.1]}