{"return": 1.0, "_timestamp": 1693676115.866143, "_runtime": 18.102782011032104, "_step": 499, "_wandb": {"runtime": 15}}