{"log_episodes": [0, 500, 1000, 1500, 2000, 2500, 3000, 3500, 4000, 4500, 5000, 5500, 6000, 6500, 7000, 7500, 8000, 8500, 9000, 9500, 10000, 10500, 11000], "win_rate": [0.0, 0.032, 0.044, 0.086, 0.17, 0.196, 0.206, 0.264, 0.332, 0.376, 0.416, 0.472, 0.526, 0.55, 0.622, 0.644, 0.664, 0.716, 0.762, 0.778, 0.832, 0.844, 0.888], "epsilon_array": [0.9, 0.8611700000001767, 0.8218900000003555, 0.783320000000531, 0.7462000000007, 0.7093600000008676, 0.6722200000010367, 0.6357300000012027, 0.600730000001362, 0.5663500000015185, 0.5324500000016728, 0.4990700000018195, 0.46702000000178745, 0.4351700000017556, 0.4042800000017247, 0.37405000000169447, 0.3438700000016643, 0.315600000001636, 0.2874600000016079, 0.25926000000157967, 0.23304000000155345, 0.20674000000152715, 0.1818000000015022]}