{"log_episodes": [0, 500, 1000, 1500, 2000, 2500, 3000, 3500, 4000, 4500, 5000, 5500, 6000, 6500, 7000, 7500, 8000, 8500, 9000, 9500, 10000, 10500, 11000, 11500, 12000, 12500, 13000, 13500, 14000, 14500, 15000, 15500, 16000, 16500, 17000, 17500, 18000, 18500, 19000, 19500, 20000, 20500, 21000, 21500, 22000, 22500, 23000, 23500, 24000, 24500, 25000, 25500, 26000, 26500, 27000, 27500, 28000, 28500, 29000, 29500], "win_rate": [0.0, 0.012, 0.02, 0.084, 0.134, 0.186, 0.242, 0.278, 0.372, 0.44, 0.492, 0.522, 0.606, 0.702, 0.73, 0.782, 0.844, 0.88, 0.946, 0.934, 0.96, 0.978, 0.968, 0.96, 0.982, 0.962, 0.958, 0.964, 0.97, 0.952, 0.97, 0.98, 0.962, 0.972, 0.966, 0.958, 0.962, 0.954, 0.966, 0.97, 0.972, 0.964, 0.964, 0.97, 0.98, 0.98, 0.976, 0.976, 0.972, 0.968, 0.964, 0.962, 0.966, 0.98, 0.96, 0.978, 0.976, 0.968, 0.974, 0.974], "epsilon_array": [0.9, 0.8551400000002042, 0.80553000000043, 0.7571100000006503, 0.7091700000008685, 0.6623200000010817, 0.6159600000012927, 0.5707500000014984, 0.5272700000016963, 0.48433000000180476, 0.44313000000176356, 0.401560000001722, 0.36202000000168244, 0.32425000000164467, 0.28723000000160764, 0.25174000000157215, 0.21814000000153855, 0.18533000000150573, 0.15526000000147566, 0.12558000000144598, 0.1, 0.1, 0.1, 0.1, 0.1, 0.1, 0.1, 0.1, 0.1, 0.1, 0.1, 0.1, 0.1, 0.1, 0.1, 0.1, 0.1, 0.1, 0.1, 0.1, 0.1, 0.1, 0.1, 0.1, 0.1, 0.1, 0.1, 0.1, 0.1, 0.1, 0.1, 0.1, 0.1, 0.1, 0.1, 0.1, 0.1, 0.1, 0.1, 0.1]}