{"log_episodes": [0, 500, 1000, 1500, 2000, 2500, 3000, 3500, 4000, 4500, 5000, 5500, 6000, 6500, 7000, 7500, 8000, 8500, 9000, 9500, 10000, 10500, 11000, 11500, 12000, 12500, 13000, 13500, 14000, 14500, 15000, 15500, 16000, 16500, 17000, 17500, 18000, 18500, 19000, 19500, 20000, 20500, 21000, 21500, 22000, 22500, 23000, 23500, 24000, 24500, 25000, 25500, 26000, 26500, 27000, 27500, 28000, 28500, 29000, 29500], "win_rate": [0.0, 0.13, 0.138, 0.132, 0.124, 0.144, 0.152, 0.118, 0.138, 0.09, 0.15, 0.156, 0.134, 0.138, 0.132, 0.126, 0.13, 0.118, 0.1, 0.11, 0.112, 0.104, 0.12, 0.106, 0.124, 0.13, 0.11, 0.102, 0.114, 0.118, 0.128, 0.128, 0.096, 0.102, 0.106, 0.11, 0.128, 0.092, 0.108, 0.092, 0.082, 0.088, 0.096, 0.108, 0.126, 0.092, 0.092, 0.1, 0.094, 0.108, 0.086, 0.104, 0.102, 0.098, 0.128, 0.114, 0.106, 0.112, 0.112, 0.094], "epsilon_array": [0.9, 0.881320000000085, 0.8579500000001914, 0.8344300000002984, 0.8107400000004062, 0.7874700000005121, 0.764220000000618, 0.7405200000007258, 0.7169400000008331, 0.6928400000009428, 0.6695300000010489, 0.6461400000011553, 0.6225400000012627, 0.59897000000137, 0.5755900000014764, 0.552170000001583, 0.5285500000016905, 0.5049100000017981, 0.48102000000180145, 0.45724000000177767, 0.4334900000017539, 0.40954000000172996, 0.3859000000017063, 0.3620800000016825, 0.33862000000165904, 0.31513000000163555, 0.291600000001612, 0.2678800000015883, 0.24435000000156476, 0.2209000000015413, 0.19734000000151775, 0.17396000000149436, 0.1500900000014705, 0.12617000000144657, 0.10272000000145404, 0.1, 0.1, 0.1, 0.1, 0.1, 0.1, 0.1, 0.1, 0.1, 0.1, 0.1, 0.1, 0.1, 0.1, 0.1, 0.1, 0.1, 0.1, 0.1, 0.1, 0.1, 0.1, 0.1, 0.1, 0.1]}