{"win_rate": 0.0, "episode": 1500, "epsilon": 0.8141700000003906, "_timestamp": 1694007989.0469728, "_runtime": 24.46580982208252, "_step": 3, "_wandb": {"runtime": 21}}