{"win_rate": 0.008, "episode": 29500, "epsilon": 0.1, "_timestamp": 1694020851.133812, "_runtime": 620.3676469326019, "_step": 59, "_wandb": {"runtime": 626}}