{"log_episodes": [0, 500, 1000, 1500, 2000, 2500, 3000, 3500, 4000, 4500, 5000, 5500, 6000, 6500, 7000, 7500, 8000, 8500, 9000, 9500, 10000, 10500, 11000, 11500, 12000, 12500, 13000, 13500, 14000, 14500, 15000, 15500, 16000, 16500, 17000, 17500, 18000, 18500, 19000, 19500, 20000, 20500, 21000, 21500, 22000, 22500, 23000, 23500, 24000, 24500, 25000, 25500, 26000, 26500, 27000, 27500, 28000, 28500, 29000, 29500], "win_rate": [0.0, 0.0, 0.002, 0.002, 0.0, 0.002, 0.002, 0.006, 0.002, 0.002, 0.006, 0.004, 0.0, 0.002, 0.0, 0.0, 0.0, 0.0, 0.0, 0.0, 0.0, 0.002, 0.0, 0.0, 0.002, 0.002, 0.0, 0.0, 0.004, 0.002, 0.002, 0.0, 0.0, 0.002, 0.004, 0.002, 0.002, 0.0, 0.004, 0.0, 0.0, 0.0, 0.004, 0.0, 0.002, 0.0, 0.006, 0.0, 0.002, 0.002, 0.0, 0.0, 0.0, 0.0, 0.006, 0.004, 0.0, 0.002, 0.006, 0.0], "epsilon_array": [0.9, 0.8448800000002509, 0.7849100000005238, 0.7249700000007966, 0.6649700000010696, 0.6050400000013424, 0.5451200000016151, 0.48523000000180566, 0.42533000000174576, 0.36533000000168575, 0.30534000000162576, 0.2454000000015658, 0.1854000000015058, 0.1254900000014459, 0.1, 0.1, 0.1, 0.1, 0.1, 0.1, 0.1, 0.1, 0.1, 0.1, 0.1, 0.1, 0.1, 0.1, 0.1, 0.1, 0.1, 0.1, 0.1, 0.1, 0.1, 0.1, 0.1, 0.1, 0.1, 0.1, 0.1, 0.1, 0.1, 0.1, 0.1, 0.1, 0.1, 0.1, 0.1, 0.1, 0.1, 0.1, 0.1, 0.1, 0.1, 0.1, 0.1, 0.1, 0.1, 0.1]}