{"log_episodes": [0, 500, 1000, 1500, 2000, 2500, 3000, 3500, 4000, 4500, 5000, 5500, 6000, 6500, 7000, 7500, 8000, 8500, 9000, 9500, 10000, 10500, 11000, 11500, 12000, 12500, 13000, 13500, 14000, 14500, 15000, 15500, 16000, 16500, 17000, 17500, 18000, 18500, 19000, 19500, 20000, 20500, 21000, 21500, 22000, 22500, 23000, 23500, 24000, 24500, 25000, 25500, 26000, 26500, 27000, 27500, 28000, 28500, 29000, 29500], "win_rate": [0.0, 0.286, 0.316, 0.284, 0.35, 0.364, 0.418, 0.44, 0.386, 0.42, 0.428, 0.47, 0.444, 0.476, 0.49, 0.498, 0.536, 0.496, 0.546, 0.59, 0.586, 0.594, 0.604, 0.644, 0.594, 0.66, 0.65, 0.676, 0.69, 0.672, 0.684, 0.766, 0.702, 0.722, 0.742, 0.736, 0.748, 0.762, 0.794, 0.822, 0.81, 0.812, 0.816, 0.812, 0.852, 0.886, 0.876, 0.886, 0.864, 0.91, 0.916, 0.898, 0.938, 0.92, 0.94, 0.946, 0.936, 0.96, 0.952, 0.95], "epsilon_array": [0.9, 0.8829800000000775, 0.8656400000001564, 0.8478600000002373, 0.8308800000003146, 0.8138000000003923, 0.7970400000004686, 0.7805500000005436, 0.763540000000621, 0.7472200000006953, 0.7307900000007701, 0.7144000000008447, 0.6981000000009189, 0.6817600000009932, 0.6657100000010663, 0.6498800000011383, 0.6341600000012099, 0.618310000001282, 0.6027300000013529, 0.5877800000014209, 0.5725700000014902, 0.5575600000015585, 0.5425700000016267, 0.5276400000016946, 0.512610000001763, 0.49790000000181833, 0.48321000000180364, 0.46853000000178896, 0.4540900000017745, 0.43951000000175994, 0.4249500000017454, 0.411590000001732, 0.39712000000171754, 0.3832800000017037, 0.36956000000169, 0.35565000000167607, 0.3417900000016622, 0.3282700000016487, 0.3147900000016352, 0.30144000000162186, 0.2883900000016088, 0.27472000000159513, 0.26174000000158215, 0.24901000000156942, 0.23652000000155693, 0.22436000000154477, 0.21192000000153233, 0.19941000000151982, 0.18671000000150711, 0.17482000000149522, 0.1629000000014833, 0.1511100000014715, 0.1395100000014599, 0.1277000000014481, 0.11599000000144889, 0.10460000000145331, 0.1, 0.1, 0.1, 0.1]}