{"log_episodes": [0, 500, 1000, 1500, 2000, 2500, 3000, 3500, 4000, 4500, 5000, 5500, 6000, 6500, 7000, 7500, 8000, 8500, 9000, 9500, 10000, 10500, 11000, 11500, 12000, 12500, 13000, 13500, 14000, 14500, 15000, 15500, 16000, 16500, 17000, 17500, 18000, 18500, 19000, 19500, 20000, 20500, 21000, 21500, 22000, 22500, 23000, 23500, 24000, 24500, 25000, 25500, 26000, 26500, 27000, 27500, 28000, 28500, 29000, 29500], "win_rate": [0.0, 0.29, 0.874, 0.83, 0.874, 0.93, 0.914, 0.928, 0.93, 0.954, 0.93, 0.95, 0.962, 0.95, 0.926, 0.95, 0.926, 0.958, 0.952, 0.92, 0.946, 0.944, 0.932, 0.966, 0.96, 0.934, 0.934, 0.944, 0.954, 0.968, 0.942, 0.948, 0.952, 0.944, 0.94, 0.946, 0.962, 0.946, 0.96, 0.958, 0.948, 0.932, 0.942, 0.938, 0.964, 0.938, 0.934, 0.932, 0.95, 0.954, 0.952, 0.956, 0.962, 0.954, 0.958, 0.938, 0.946, 0.948, 0.954, 0.94], "epsilon_array": [0.2, 0.17333999999997335, 0.15883999999995885, 0.14311999999994313, 0.12862999999992863, 0.11573999999992861, 0.10249999999993374, 0.1, 0.1, 0.1, 0.1, 0.1, 0.1, 0.1, 0.1, 0.1, 0.1, 0.1, 0.1, 0.1, 0.1, 0.1, 0.1, 0.1, 0.1, 0.1, 0.1, 0.1, 0.1, 0.1, 0.1, 0.1, 0.1, 0.1, 0.1, 0.1, 0.1, 0.1, 0.1, 0.1, 0.1, 0.1, 0.1, 0.1, 0.1, 0.1, 0.1, 0.1, 0.1, 0.1, 0.1, 0.1, 0.1, 0.1, 0.1, 0.1, 0.1, 0.1, 0.1, 0.1]}