{"win_rate": 0.964, "episode": 29500, "epsilon": 0.1, "_timestamp": 1694022567.712741, "_runtime": 636.1889328956604, "_step": 59, "_wandb": {"runtime": 644}}