{"win_rate": 0.888, "episode": 11000, "epsilon": 0.1818000000015022, "_timestamp": 1694022220.427409, "_runtime": 288.9036009311676, "_step": 22}