{"win_rate": 0.0, "episode": 29500, "epsilon": 0.1, "_timestamp": 1693936928.041129, "_runtime": 854.7721531391144, "_step": 59, "_wandb": {"runtime": 867}}