{"log_episodes": [0, 500, 1000, 1500, 2000, 2500, 3000, 3500, 4000, 4500, 5000, 5500, 6000, 6500, 7000, 7500, 8000, 8500, 9000, 9500, 10000, 10500, 11000, 11500, 12000, 12500, 13000, 13500, 14000, 14500, 15000, 15500, 16000, 16500, 17000, 17500, 18000, 18500, 19000, 19500, 20000, 20500, 21000, 21500, 22000, 22500, 23000, 23500, 24000, 24500, 25000, 25500, 26000, 26500, 27000, 27500, 28000, 28500, 29000, 29500], "win_rate": [0.0, 0.026, 0.034, 0.02, 0.016, 0.02, 0.016, 0.022, 0.014, 0.016, 0.012, 0.002, 0.01, 0.004, 0.008, 0.006, 0.01, 0.0, 0.008, 0.002, 0.004, 0.002, 0.002, 0.004, 0.004, 0.002, 0.004, 0.006, 0.004, 0.008, 0.01, 0.008, 0.004, 0.002, 0.004, 0.006, 0.006, 0.004, 0.008, 0.01, 0.004, 0.008, 0.004, 0.002, 0.008, 0.014, 0.006, 0.014, 0.006, 0.008, 0.006, 0.002, 0.008, 0.004, 0.01, 0.008, 0.006, 0.0, 0.006, 0.006], "epsilon_array": [0.9, 0.8610100000001775, 0.821570000000357, 0.782010000000537, 0.7423600000007174, 0.7027300000008978, 0.6630700000010783, 0.6235500000012582, 0.5838400000014389, 0.5442200000016192, 0.5044800000018, 0.46452000000178495, 0.4246900000017451, 0.3848000000017052, 0.34505000000166547, 0.3051900000016256, 0.26552000000158593, 0.22552000000154593, 0.18571000000150611, 0.14577000000146617, 0.10588000000145281, 0.1, 0.1, 0.1, 0.1, 0.1, 0.1, 0.1, 0.1, 0.1, 0.1, 0.1, 0.1, 0.1, 0.1, 0.1, 0.1, 0.1, 0.1, 0.1, 0.1, 0.1, 0.1, 0.1, 0.1, 0.1, 0.1, 0.1, 0.1, 0.1, 0.1, 0.1, 0.1, 0.1, 0.1, 0.1, 0.1, 0.1, 0.1, 0.1]}