{"log_episodes": [0, 500, 1000, 1500, 2000, 2500, 3000, 3500, 4000, 4500, 5000, 5500, 6000, 6500, 7000, 7500, 8000, 8500, 9000, 9500, 10000, 10500, 11000, 11500, 12000, 12500, 13000, 13500, 14000, 14500, 15000, 15500, 16000, 16500, 17000, 17500, 18000, 18500, 19000, 19500, 20000, 20500, 21000, 21500, 22000, 22500, 23000, 23500, 24000, 24500, 25000, 25500, 26000, 26500, 27000, 27500, 28000, 28500, 29000, 29500], "win_rate": [0.0, 0.292, 0.342, 0.286, 0.342, 0.394, 0.376, 0.422, 0.368, 0.404, 0.406, 0.446, 0.438, 0.494, 0.462, 0.518, 0.54, 0.518, 0.554, 0.596, 0.566, 0.614, 0.592, 0.602, 0.588, 0.644, 0.642, 0.654, 0.694, 0.692, 0.67, 0.744, 0.71, 0.728, 0.724, 0.76, 0.734, 0.798, 0.772, 0.792, 0.796, 0.806, 0.81, 0.822, 0.878, 0.86, 0.856, 0.866, 0.89, 0.9, 0.922, 0.904, 0.912, 0.94, 0.936, 0.958, 0.942, 0.968, 0.948, 0.948], "epsilon_array": [0.9, 0.8829700000000775, 0.8657100000001561, 0.8478800000002372, 0.8308500000003147, 0.8141300000003908, 0.7970800000004684, 0.7805100000005438, 0.7633800000006218, 0.7465900000006982, 0.7299200000007741, 0.7136500000008481, 0.6969400000009242, 0.6808500000009974, 0.6647300000010707, 0.6488800000011429, 0.6332100000012142, 0.6175300000012856, 0.6022100000013553, 0.5871700000014237, 0.5718400000014935, 0.5568800000015616, 0.5416000000016311, 0.5265200000016997, 0.5113600000017687, 0.496550000001817, 0.48182000000180225, 0.4670600000017875, 0.452580000001773, 0.4380500000017585, 0.4231800000017436, 0.40964000000173006, 0.39534000000171576, 0.38142000000170184, 0.3675000000016879, 0.353570000001674, 0.3398900000016603, 0.3265000000016469, 0.3127700000016332, 0.29932000000161973, 0.2861800000016066, 0.2723900000015928, 0.2594000000015798, 0.24666000000156707, 0.23437000000155478, 0.22182000000154223, 0.20891000000152932, 0.19665000000151706, 0.18395000000150435, 0.1721900000014926, 0.1603100000014807, 0.1485100000014689, 0.13678000000145718, 0.12517000000144557, 0.11345000000144988, 0.10214000000145426, 0.1, 0.1, 0.1, 0.1]}