{"log_episodes": [0, 500, 1000, 1500, 2000, 2500, 3000, 3500, 4000, 4500, 5000, 5500, 6000, 6500, 7000, 7500, 8000, 8500, 9000, 9500, 10000, 10500, 11000, 11500, 12000, 12500, 13000, 13500, 14000, 14500, 15000, 15500, 16000, 16500, 17000, 17500, 18000, 18500, 19000, 19500, 20000, 20500, 21000, 21500, 22000, 22500, 23000, 23500, 24000, 24500, 25000, 25500, 26000, 26500, 27000, 27500, 28000, 28500, 29000, 29500], "win_rate": [0.0, 0.2, 0.156, 0.146, 0.14, 0.124, 0.14, 0.13, 0.096, 0.088, 0.082, 0.074, 0.08, 0.06, 0.062, 0.196, 0.814, 0.882, 0.916, 0.92, 0.918, 0.926, 0.936, 0.944, 0.968, 0.94, 0.952, 0.938, 0.95, 0.952, 0.936, 0.968, 0.94, 0.956, 0.956, 0.946, 0.938, 0.95, 0.942, 0.97, 0.93, 0.936, 0.946, 0.958, 0.958, 0.95, 0.964, 0.966, 0.948, 0.958, 0.95, 0.956, 0.954, 0.942, 0.942, 0.954, 0.96, 0.94, 0.948, 0.946], "epsilon_array": [0.7, 0.6690500000001408, 0.6359500000002914, 0.602420000000444, 0.5688600000005968, 0.5350000000007509, 0.5018700000009017, 0.468840000000879, 0.4353600000008455, 0.4010700000008112, 0.36670000000077685, 0.33259000000074274, 0.2987500000007089, 0.2647500000006749, 0.23098000000064112, 0.20045000000061058, 0.18431000000059444, 0.17019000000058032, 0.1573600000005675, 0.1441600000005543, 0.13095000000054108, 0.11822000000053776, 0.10577000000054258, 0.1, 0.1, 0.1, 0.1, 0.1, 0.1, 0.1, 0.1, 0.1, 0.1, 0.1, 0.1, 0.1, 0.1, 0.1, 0.1, 0.1, 0.1, 0.1, 0.1, 0.1, 0.1, 0.1, 0.1, 0.1, 0.1, 0.1, 0.1, 0.1, 0.1, 0.1, 0.1, 0.1, 0.1, 0.1, 0.1, 0.1]}