{"log_episodes": [0, 500, 1000, 1500, 2000, 2500, 3000, 3500, 4000, 4500, 5000, 5500, 6000, 6500, 7000, 7500, 8000, 8500, 9000, 9500, 10000, 10500, 11000, 11500, 12000, 12500, 13000, 13500, 14000, 14500, 15000, 15500, 16000, 16500, 17000, 17500, 18000, 18500, 19000, 19500, 20000, 20500, 21000, 21500, 22000, 22500, 23000, 23500, 24000, 24500, 25000, 25500, 26000, 26500, 27000, 27500, 28000, 28500, 29000, 29500], "win_rate": [0.002, 0.074, 0.086, 0.104, 0.064, 0.082, 0.068, 0.072, 0.064, 0.072, 0.084, 0.078, 0.082, 0.068, 0.07, 0.058, 0.074, 0.07, 0.088, 0.08, 0.068, 0.084, 0.058, 0.06, 0.06, 0.07, 0.048, 0.084, 0.066, 0.056, 0.046, 0.064, 0.064, 0.072, 0.054, 0.054, 0.05, 0.074, 0.068, 0.068, 0.078, 0.066, 0.056, 0.048, 0.052, 0.06, 0.038, 0.066, 0.058, 0.062, 0.06, 0.048, 0.044, 0.08, 0.08, 0.072, 0.054, 0.066, 0.042, 0.066], "epsilon_array": [0.9, 0.8757800000001102, 0.8468700000002418, 0.818270000000372, 0.7891300000005046, 0.760250000000636, 0.7311200000007686, 0.7022000000009002, 0.6731300000010325, 0.6440900000011647, 0.6152500000012959, 0.5864700000014269, 0.5577100000015578, 0.5287100000016898, 0.49982000000182025, 0.47083000000179126, 0.4419700000017624, 0.41294000000173336, 0.38434000000170476, 0.3556600000016761, 0.32662000000164704, 0.2979600000016184, 0.2689000000015893, 0.23967000000156008, 0.21046000000153087, 0.18136000000150176, 0.15223000000147263, 0.12353000000144597, 0.1, 0.1, 0.1, 0.1, 0.1, 0.1, 0.1, 0.1, 0.1, 0.1, 0.1, 0.1, 0.1, 0.1, 0.1, 0.1, 0.1, 0.1, 0.1, 0.1, 0.1, 0.1, 0.1, 0.1, 0.1, 0.1, 0.1, 0.1, 0.1, 0.1, 0.1, 0.1]}