{"win_rate": 0.948, "episode": 29500, "epsilon": 0.1, "_timestamp": 1694020673.6016948, "_runtime": 453.7052388191223, "_step": 59, "_wandb": {"runtime": 456}}