{"log_episodes": [0, 500, 1000, 1500, 2000, 2500, 3000], "win_rate": [0.002, 0.998, 0.996, 0.986, 0.984, 0.974, 0.95], "epsilon_array": [0.9, 0.8136200000003931, 0.7217900000008111, 0.6179900000012835, 0.509320000001778, 0.3962600000017167, 0.25724000000157765]}