{"win_rate": 0.0, "episode": 0, "epsilon": 0.9, "_timestamp": 1693936597.948677, "_runtime": 3.6836960315704346, "_step": 0, "_wandb": {"runtime": 2}}