{"return": 1.0, "_timestamp": 1693677770.2574935, "_runtime": 894.5388464927673, "_step": 499, "_wandb": {"runtime": 891}}