{"log_episodes": [0, 500, 1000, 1500, 2000, 2500, 3000, 3500, 4000, 4500, 5000, 5500, 6000, 6500, 7000, 7500, 8000, 8500, 9000, 9500, 10000, 10500, 11000, 11500, 12000, 12500, 13000, 13500, 14000, 14500, 15000, 15500, 16000, 16500, 17000, 17500, 18000, 18500, 19000, 19500, 20000, 20500, 21000, 21500, 22000, 22500, 23000, 23500, 24000, 24500, 25000, 25500, 26000, 26500, 27000, 27500, 28000, 28500, 29000, 29500], "win_rate": [0.0, 0.208, 0.234, 0.202, 0.202, 0.226, 0.21, 0.216, 0.204, 0.202, 0.21, 0.21, 0.216, 0.226, 0.208, 0.212, 0.204, 0.192, 0.2, 0.208, 0.24, 0.198, 0.206, 0.156, 0.142, 0.174, 0.19, 0.17, 0.19, 0.192, 0.22, 0.202, 0.21, 0.198, 0.222, 0.202, 0.182, 0.168, 0.16, 0.17, 0.182, 0.18, 0.156, 0.15, 0.17, 0.162, 0.184, 0.17, 0.158, 0.152, 0.17, 0.172, 0.14, 0.154, 0.13, 0.148, 0.148, 0.18, 0.146, 0.176], "epsilon_array": [0.9, 0.88681000000006, 0.8687200000001424, 0.8504500000002255, 0.832120000000309, 0.813870000000392, 0.7955600000004753, 0.7774200000005579, 0.7590800000006414, 0.740480000000726, 0.7221900000008092, 0.7038400000008928, 0.6855900000009758, 0.6673400000010589, 0.6492100000011414, 0.6310800000012239, 0.6129300000013065, 0.59458000000139, 0.5763100000014731, 0.5579600000015567, 0.5400300000016383, 0.5217200000017216, 0.5034900000018045, 0.4848500000018053, 0.46611000000178654, 0.4474900000017679, 0.42912000000174955, 0.41061000000173103, 0.3923700000017128, 0.3742000000016946, 0.3562600000016767, 0.33812000000165854, 0.32024000000164066, 0.3020600000016225, 0.2843700000016048, 0.26614000000158655, 0.24766000000156807, 0.2291900000015496, 0.21064000000153105, 0.19245000000151286, 0.17428000000149468, 0.15616000000147656, 0.13787000000145827, 0.11944000000144755, 0.10132000000145458, 0.1, 0.1, 0.1, 0.1, 0.1, 0.1, 0.1, 0.1, 0.1, 0.1, 0.1, 0.1, 0.1, 0.1, 0.1]}