{"log_episodes": [0, 500, 1000, 1500, 2000], "win_rate": [0.0, 0.0, 0.0, 0.0, 0.0], "epsilon_array": [0.9, 0.5828200000014435, 0.26804000000158845, 0.1, 0.1]}