{"win_rate": 0.0, "episode": 29500, "epsilon": 0.1, "_timestamp": 1694008303.504165, "_runtime": 249.17479586601257, "_step": 59, "_wandb": {"runtime": 248}}