{"win_rate": 0.946, "episode": 29500, "epsilon": 0.1, "_timestamp": 1694020615.8086653, "_runtime": 373.31102323532104, "_step": 59, "_wandb": {"runtime": 376}}