{"log_episodes": [0, 500, 1000, 1500, 2000, 2500, 3000, 3500, 4000, 4500, 5000, 5500, 6000, 6500, 7000, 7500, 8000, 8500, 9000, 9500, 10000, 10500, 11000, 11500, 12000, 12500, 13000, 13500, 14000, 14500, 15000, 15500, 16000, 16500, 17000, 17500, 18000, 18500, 19000, 19500, 20000, 20500, 21000, 21500, 22000, 22500, 23000, 23500, 24000, 24500, 25000, 25500, 26000, 26500, 27000, 27500, 28000, 28500, 29000, 29500], "win_rate": [0.0, 0.476, 0.526, 0.498, 0.528, 0.516, 0.502, 0.53, 0.496, 0.468, 0.552, 0.476, 0.514, 0.528, 0.462, 0.484, 0.548, 0.5, 0.504, 0.532, 0.512, 0.506, 0.486, 0.516, 0.488, 0.526, 0.506, 0.508, 0.498, 0.484, 0.512, 0.484, 0.522, 0.508, 0.522, 0.484, 0.514, 0.472, 0.442, 0.51, 0.494, 0.512, 0.496, 0.524, 0.484, 0.53, 0.522, 0.494, 0.51, 0.508, 0.49, 0.504, 0.496, 0.49, 0.496, 0.476, 0.458, 0.518, 0.512, 0.48], "epsilon_array": [0.9, 0.8962300000000172, 0.887470000000057, 0.8787700000000966, 0.8701500000001359, 0.8613900000001757, 0.852770000000215, 0.8440900000002545, 0.8353200000002944, 0.8265000000003345, 0.8177500000003743, 0.8091400000004135, 0.800460000000453, 0.7918100000004924, 0.7829700000005326, 0.7741600000005727, 0.7653600000006128, 0.7565000000006531, 0.7476000000006936, 0.7390100000007327, 0.730160000000773, 0.7214200000008127, 0.7124800000008534, 0.7037500000008932, 0.6949300000009333, 0.6862500000009728, 0.677640000001012, 0.6689300000010516, 0.660270000001091, 0.6515900000011305, 0.6428600000011703, 0.6340600000012103, 0.6253200000012501, 0.6167300000012892, 0.6080100000013289, 0.5991500000013692, 0.5904300000014089, 0.581620000001449, 0.5725700000014902, 0.5637700000015302, 0.5550600000015699, 0.5461900000016102, 0.5374900000016498, 0.5289600000016886, 0.520310000001728, 0.5116600000017674, 0.5029100000018072, 0.4942800000018147, 0.4854800000018059, 0.47662000000179705, 0.4678700000017883, 0.45922000000177965, 0.45033000000177076, 0.44153000000176196, 0.4326800000017531, 0.4239600000017444, 0.4150500000017355, 0.40634000000172676, 0.397550000001718, 0.3886900000017091]}