{"win_rate": 0.954, "episode": 29500, "epsilon": 0.1, "_timestamp": 1694184889.292829, "_runtime": 583.9232089519501, "_step": 59, "_wandb": {"runtime": 592}}