{"win_rate": 0.228, "episode": 29500, "_timestamp": 1694020407.2706397, "_runtime": 341.4202735424042, "_step": 59, "_wandb": {"runtime": 348}}