{"log_episodes": [0, 500, 1000, 1500, 2000, 2500, 3000, 3500, 4000, 4500, 5000, 5500, 6000, 6500, 7000, 7500, 8000, 8500, 9000, 9500, 10000, 10500, 11000, 11500, 12000, 12500, 13000, 13500, 14000, 14500, 15000, 15500, 16000, 16500, 17000, 17500, 18000, 18500, 19000, 19500, 20000, 20500, 21000, 21500, 22000, 22500, 23000, 23500, 24000, 24500, 25000, 25500, 26000, 26500, 27000, 27500, 28000, 28500, 29000, 29500], "win_rate": [0.0, 0.002, 0.078, 0.284, 0.58, 0.828, 0.934, 0.976, 0.992, 0.986, 0.98, 0.994, 0.99, 0.98, 0.992, 0.988, 0.988, 0.992, 0.994, 0.994, 0.986, 0.996, 0.984, 0.99, 0.984, 0.986, 0.984, 0.992, 0.988, 0.994, 0.988, 0.994, 0.982, 0.986, 0.994, 0.992, 0.994, 0.99, 0.984, 0.986, 0.984, 0.99, 0.994, 0.996, 0.988, 0.98, 0.994, 0.996, 0.998, 0.99, 0.988, 0.988, 0.994, 0.982, 0.984, 0.986, 0.994, 0.996, 0.986, 0.982], "epsilon_array": [0.9, 0.722240000000809, 0.5527100000015805, 0.40762000000172804, 0.2953800000016158, 0.2147800000015352, 0.14887000000146927, 0.1, 0.1, 0.1, 0.1, 0.1, 0.1, 0.1, 0.1, 0.1, 0.1, 0.1, 0.1, 0.1, 0.1, 0.1, 0.1, 0.1, 0.1, 0.1, 0.1, 0.1, 0.1, 0.1, 0.1, 0.1, 0.1, 0.1, 0.1, 0.1, 0.1, 0.1, 0.1, 0.1, 0.1, 0.1, 0.1, 0.1, 0.1, 0.1, 0.1, 0.1, 0.1, 0.1, 0.1, 0.1, 0.1, 0.1, 0.1, 0.1, 0.1, 0.1, 0.1, 0.1]}