{"win_rate": 0.338, "episode": 2500, "epsilon": 0.5656000000015219, "_timestamp": 1694022195.0857425, "_runtime": 179.33209538459778, "_step": 5}