{"win_rate": 0.952, "episode": 29500, "epsilon": 0.1, "_timestamp": 1694023021.6953356, "_runtime": 1005.9416885375977, "_step": 59, "_wandb": {"runtime": 1018}}