{"log_episodes": [0, 500, 1000, 1500, 2000, 2500, 3000, 3500, 4000, 4500, 5000, 5500, 6000, 6500, 7000, 7500, 8000, 8500, 9000, 9500, 10000, 10500, 11000, 11500, 12000, 12500, 13000, 13500, 14000, 14500, 15000, 15500, 16000, 16500, 17000, 17500, 18000, 18500, 19000, 19500, 20000, 20500, 21000, 21500, 22000, 22500, 23000, 23500, 24000, 24500, 25000, 25500, 26000, 26500, 27000, 27500, 28000, 28500, 29000, 29500], "win_rate": [0.0, 0.014, 0.018, 0.02, 0.014, 0.012, 0.016, 0.018, 0.016, 0.012, 0.016, 0.01, 0.014, 0.022, 0.018, 0.01, 0.018, 0.016, 0.012, 0.01, 0.012, 0.012, 0.012, 0.002, 0.002, 0.006, 0.012, 0.014, 0.016, 0.012, 0.008, 0.0, 0.022, 0.01, 0.004, 0.01, 0.012, 0.008, 0.002, 0.002, 0.006, 0.01, 0.006, 0.006, 0.01, 0.004, 0.014, 0.008, 0.006, 0.016, 0.012, 0.004, 0.008, 0.012, 0.012, 0.006, 0.008, 0.006, 0.004, 0.008], "epsilon_array": [0.9, 0.8602000000001812, 0.8154900000003846, 0.7710700000005868, 0.7264500000007899, 0.6816900000009936, 0.6369600000011971, 0.5922900000014004, 0.5476300000016037, 0.502950000001807, 0.45831000000177874, 0.413550000001734, 0.36893000000168935, 0.32442000000164484, 0.27973000000160014, 0.23497000000155538, 0.1902000000015106, 0.14565000000146605, 0.10094000000145473, 0.1, 0.1, 0.1, 0.1, 0.1, 0.1, 0.1, 0.1, 0.1, 0.1, 0.1, 0.1, 0.1, 0.1, 0.1, 0.1, 0.1, 0.1, 0.1, 0.1, 0.1, 0.1, 0.1, 0.1, 0.1, 0.1, 0.1, 0.1, 0.1, 0.1, 0.1, 0.1, 0.1, 0.1, 0.1, 0.1, 0.1, 0.1, 0.1, 0.1, 0.1]}