{"win_rate": 0.0, "episode": 29500, "epsilon": 0.1, "_timestamp": 1693936296.008556, "_runtime": 897.7932648658752, "_step": 59, "_wandb": {"runtime": 911}}