{"log_episodes": [0, 500, 1000, 1500, 2000, 2500, 3000, 3500, 4000, 4500, 5000, 5500, 6000, 6500, 7000, 7500, 8000, 8500, 9000, 9500, 10000, 10500, 11000, 11500, 12000, 12500, 13000, 13500, 14000, 14500, 15000, 15500, 16000, 16500, 17000, 17500, 18000, 18500, 19000, 19500, 20000, 20500, 21000, 21500, 22000, 22500, 23000, 23500, 24000, 24500, 25000, 25500, 26000, 26500, 27000, 27500, 28000, 28500, 29000, 29500], "win_rate": [0.0, 0.074, 0.108, 0.19, 0.284, 0.32, 0.438, 0.5, 0.556, 0.618, 0.716, 0.728, 0.814, 0.858, 0.848, 0.9, 0.934, 0.932, 0.962, 0.958, 0.97, 0.962, 0.958, 0.964, 0.956, 0.964, 0.966, 0.984, 0.958, 0.972, 0.964, 0.97, 0.968, 0.964, 0.952, 0.968, 0.96, 0.958, 0.958, 0.968, 0.962, 0.972, 0.944, 0.96, 0.962, 0.958, 0.964, 0.966, 0.97, 0.96, 0.964, 0.954, 0.968, 0.966, 0.97, 0.96, 0.952, 0.968, 0.958, 0.958], "epsilon_array": [0.9, 0.8272600000003311, 0.7555000000006576, 0.6883100000009634, 0.6256700000012485, 0.5651700000015238, 0.5107800000017714, 0.4596800000017801, 0.4116900000017321, 0.3672000000016876, 0.327570000001648, 0.2890800000016095, 0.25486000000157527, 0.22407000000154448, 0.19191000000151232, 0.16334000000148374, 0.13665000000145705, 0.10959000000145137, 0.1, 0.1, 0.1, 0.1, 0.1, 0.1, 0.1, 0.1, 0.1, 0.1, 0.1, 0.1, 0.1, 0.1, 0.1, 0.1, 0.1, 0.1, 0.1, 0.1, 0.1, 0.1, 0.1, 0.1, 0.1, 0.1, 0.1, 0.1, 0.1, 0.1, 0.1, 0.1, 0.1, 0.1, 0.1, 0.1, 0.1, 0.1, 0.1, 0.1, 0.1, 0.1]}