{"win_rate": 0.0, "episode": 1000, "epsilon": 0.8501759999985673, "_timestamp": 1694001249.9444818, "_runtime": 122.42231488227844, "_step": 2, "_wandb": {"runtime": 130}}