{"log_episodes": [0, 500, 1000, 1500, 2000, 2500, 3000, 3500, 4000, 4500, 5000, 5500, 6000, 6500, 7000, 7500, 8000, 8500, 9000, 9500, 10000, 10500, 11000, 11500, 12000, 12500, 13000, 13500, 14000, 14500, 15000, 15500, 16000, 16500, 17000, 17500, 18000, 18500, 19000, 19500, 20000, 20500, 21000, 21500, 22000, 22500, 23000, 23500, 24000, 24500, 25000, 25500, 26000, 26500, 27000, 27500, 28000, 28500, 29000, 29500], "win_rate": [0.002, 0.14, 0.158, 0.214, 0.206, 0.238, 0.262, 0.256, 0.314, 0.372, 0.392, 0.398, 0.432, 0.502, 0.526, 0.534, 0.536, 0.592, 0.602, 0.632, 0.656, 0.644, 0.744, 0.738, 0.756, 0.774, 0.792, 0.808, 0.814, 0.872, 0.876, 0.9, 0.904, 0.902, 0.932, 0.93, 0.958, 0.96, 0.96, 0.956, 0.952, 0.946, 0.944, 0.966, 0.96, 0.946, 0.946, 0.966, 0.964, 0.964, 0.95, 0.954, 0.948, 0.964, 0.934, 0.94, 0.962, 0.958, 0.97, 0.958], "epsilon_array": [0.9, 0.8723500000001259, 0.8441400000002542, 0.8167400000003789, 0.7891300000005046, 0.7619000000006285, 0.7352200000007499, 0.7082200000008728, 0.6817900000009931, 0.6557600000011116, 0.6305400000012263, 0.6053100000013412, 0.5807700000014528, 0.5571100000015605, 0.5333200000016688, 0.5095000000017772, 0.4862800000018067, 0.46343000000178386, 0.44062000000176105, 0.41853000000173896, 0.3961900000017166, 0.37402000000169444, 0.35292000000167334, 0.33183000000165225, 0.3108900000016313, 0.2904000000016108, 0.2700800000015905, 0.2503100000015707, 0.23016000000155057, 0.21136000000153177, 0.19324000000151365, 0.17417000000149457, 0.15642000000147682, 0.13866000000145906, 0.12106000000144693, 0.1038400000014536, 0.1, 0.1, 0.1, 0.1, 0.1, 0.1, 0.1, 0.1, 0.1, 0.1, 0.1, 0.1, 0.1, 0.1, 0.1, 0.1, 0.1, 0.1, 0.1, 0.1, 0.1, 0.1, 0.1, 0.1]}