{"log_episodes": [0, 500, 1000, 1500, 2000, 2500, 3000, 3500, 4000, 4500, 5000, 5500, 6000, 6500, 7000, 7500, 8000, 8500, 9000, 9500, 10000, 10500, 11000, 11500, 12000, 12500, 13000, 13500, 14000, 14500, 15000, 15500, 16000, 16500, 17000, 17500, 18000, 18500, 19000, 19500, 20000, 20500, 21000, 21500, 22000, 22500, 23000, 23500, 24000, 24500, 25000, 25500, 26000, 26500, 27000, 27500, 28000, 28500, 29000, 29500], "win_rate": [0.0, 0.012, 0.006, 0.008, 0.016, 0.012, 0.006, 0.006, 0.008, 0.016, 0.008, 0.006, 0.01, 0.004, 0.008, 0.004, 0.01, 0.006, 0.004, 0.006, 0.016, 0.006, 0.002, 0.006, 0.01, 0.0, 0.006, 0.004, 0.012, 0.006, 0.012, 0.008, 0.008, 0.006, 0.008, 0.004, 0.0, 0.002, 0.004, 0.006, 0.004, 0.01, 0.004, 0.01, 0.004, 0.002, 0.004, 0.006, 0.01, 0.002, 0.01, 0.006, 0.012, 0.004, 0.004, 0.004, 0.01, 0.004, 0.01, 0.004], "epsilon_array": [0.9, 0.8551600000002041, 0.8053300000004309, 0.7554900000006577, 0.7059300000008832, 0.6562500000011093, 0.6063600000013364, 0.5564800000015634, 0.5067000000017899, 0.4569900000017774, 0.40712000000172754, 0.35723000000167765, 0.30762000000162804, 0.25764000000157805, 0.20793000000152834, 0.1581000000014785, 0.10838000000145184, 0.1, 0.1, 0.1, 0.1, 0.1, 0.1, 0.1, 0.1, 0.1, 0.1, 0.1, 0.1, 0.1, 0.1, 0.1, 0.1, 0.1, 0.1, 0.1, 0.1, 0.1, 0.1, 0.1, 0.1, 0.1, 0.1, 0.1, 0.1, 0.1, 0.1, 0.1, 0.1, 0.1, 0.1, 0.1, 0.1, 0.1, 0.1, 0.1, 0.1, 0.1, 0.1, 0.1]}