{"log_episodes": [0, 500, 1000, 1500, 2000, 2500, 3000, 3500, 4000, 4500, 5000, 5500, 6000, 6500, 7000, 7500, 8000, 8500, 9000, 9500, 10000, 10500, 11000, 11500, 12000, 12500, 13000, 13500, 14000, 14500, 15000, 15500, 16000, 16500, 17000, 17500, 18000, 18500, 19000, 19500, 20000, 20500, 21000, 21500, 22000, 22500, 23000, 23500, 24000, 24500, 25000, 25500, 26000, 26500, 27000, 27500, 28000, 28500, 29000, 29500], "win_rate": [0.0, 0.004, 0.0, 0.004, 0.002, 0.0, 0.0, 0.0, 0.002, 0.002, 0.0, 0.002, 0.0, 0.0, 0.0, 0.002, 0.0, 0.0, 0.0, 0.002, 0.0, 0.002, 0.002, 0.0, 0.0, 0.004, 0.0, 0.0, 0.002, 0.0, 0.0, 0.0, 0.0, 0.0, 0.0, 0.0, 0.002, 0.0, 0.0, 0.002, 0.0, 0.0, 0.0, 0.0, 0.0, 0.004, 0.0, 0.002, 0.002, 0.0, 0.0, 0.0, 0.002, 0.002, 0.002, 0.002, 0.002, 0.0, 0.002, 0.002], "epsilon_array": [0.9, 0.8400400000002729, 0.7750400000005687, 0.7101400000008641, 0.6452200000011595, 0.5802200000014553, 0.5152200000017512, 0.45022000000177065, 0.3852800000017057, 0.3203100000016407, 0.2553100000015757, 0.19038000000151079, 0.12538000000144578, 0.1, 0.1, 0.1, 0.1, 0.1, 0.1, 0.1, 0.1, 0.1, 0.1, 0.1, 0.1, 0.1, 0.1, 0.1, 0.1, 0.1, 0.1, 0.1, 0.1, 0.1, 0.1, 0.1, 0.1, 0.1, 0.1, 0.1, 0.1, 0.1, 0.1, 0.1, 0.1, 0.1, 0.1, 0.1, 0.1, 0.1, 0.1, 0.1, 0.1, 0.1, 0.1, 0.1, 0.1, 0.1, 0.1, 0.1]}