{"log_episodes": [0, 500, 1000, 1500, 2000, 2500, 3000, 3500, 4000, 4500, 5000, 5500, 6000, 6500, 7000, 7500, 8000, 8500, 9000, 9500, 10000, 10500, 11000, 11500, 12000, 12500, 13000, 13500, 14000, 14500, 15000, 15500, 16000, 16500, 17000, 17500, 18000, 18500, 19000, 19500, 20000, 20500, 21000, 21500, 22000, 22500, 23000, 23500, 24000, 24500, 25000, 25500, 26000, 26500, 27000, 27500, 28000, 28500, 29000, 29500], "win_rate": [0.0, 0.0, 0.0, 0.0, 0.0, 0.004, 0.02, 0.146, 0.612, 0.812, 0.908, 0.95, 0.988, 0.986, 0.988, 0.994, 0.986, 0.976, 0.978, 0.984, 0.986, 0.984, 0.992, 0.982, 0.986, 0.99, 0.998, 0.986, 0.988, 0.986, 0.986, 0.982, 0.984, 0.982, 0.992, 0.992, 0.986, 0.984, 0.988, 0.982, 0.978, 0.986, 0.982, 0.984, 0.992, 0.972, 0.982, 0.992, 0.986, 0.984, 0.99, 0.982, 0.97, 0.988, 0.986, 0.99, 0.992, 0.984, 0.978, 0.988], "epsilon_array": [0.9, 0.8248400000003421, 0.7448400000007062, 0.6648400000010702, 0.5848400000014343, 0.5049000000017981, 0.42542000000174585, 0.34881000000166923, 0.28392000000160433, 0.22501000000154542, 0.17133000000149173, 0.12083000000144702, 0.1, 0.1, 0.1, 0.1, 0.1, 0.1, 0.1, 0.1, 0.1, 0.1, 0.1, 0.1, 0.1, 0.1, 0.1, 0.1, 0.1, 0.1, 0.1, 0.1, 0.1, 0.1, 0.1, 0.1, 0.1, 0.1, 0.1, 0.1, 0.1, 0.1, 0.1, 0.1, 0.1, 0.1, 0.1, 0.1, 0.1, 0.1, 0.1, 0.1, 0.1, 0.1, 0.1, 0.1, 0.1, 0.1, 0.1, 0.1]}