{"log_episodes": [0, 500, 1000, 1500, 2000, 2500, 3000, 3500, 4000, 4500], "win_rate": [0.0, 0.0, 0.0, 0.0, 0.0, 0.0, 0.0, 0.0, 0.0, 0.0], "epsilon_array": [0.9, 0.7434400000007125, 0.586220000001428, 0.43284000000175327, 0.28352000000160393, 0.14696000000146736, 0.1, 0.1, 0.1, 0.1]}