{"win_rate": 0.948, "episode": 29500, "epsilon": 0.1, "_timestamp": 1694014315.631006, "_runtime": 318.4185869693756, "_step": 59, "_wandb": {"runtime": 319}}