{"win_rate": 0.0, "episode": 29500, "_timestamp": 1693751041.1339748, "_runtime": 2328.831702709198, "_step": 59, "_wandb": {"runtime": 2368}}