{"return": 1.0, "_timestamp": 1693709076.5193267, "_runtime": 14885.08323764801, "_step": 499, "_wandb": {"runtime": 14883}}