{"win_rate": 0.948, "episode": 29500, "epsilon": 0.1, "_timestamp": 1694020692.0163543, "_runtime": 326.3865313529968, "_step": 59, "_wandb": {"runtime": 329}}