{"win_rate": 0.964, "episode": 29500, "epsilon": 0.1, "_timestamp": 1694020674.8487158, "_runtime": 344.86670184135437, "_step": 59, "_wandb": {"runtime": 346}}