{"log_episodes": [0, 500, 1000, 1500, 2000, 2500, 3000, 3500, 4000, 4500, 5000, 5500, 6000, 6500, 7000, 7500, 8000, 8500, 9000, 9500, 10000, 10500, 11000, 11500, 12000, 12500, 13000, 13500, 14000, 14500, 15000, 15500, 16000, 16500, 17000, 17500, 18000, 18500, 19000, 19500, 20000, 20500, 21000, 21500, 22000, 22500, 23000, 23500, 24000, 24500, 25000, 25500, 26000, 26500, 27000, 27500, 28000, 28500, 29000, 29500], "win_rate": [0.0, 0.002, 0.0, 0.006, 0.004, 0.004, 0.006, 0.006, 0.004, 0.0, 0.008, 0.004, 0.004, 0.006, 0.006, 0.004, 0.004, 0.0, 0.004, 0.002, 0.008, 0.004, 0.008, 0.008, 0.002, 0.002, 0.002, 0.006, 0.002, 0.004, 0.0, 0.0, 0.0, 0.004, 0.004, 0.006, 0.004, 0.006, 0.004, 0.004, 0.002, 0.002, 0.006, 0.008, 0.004, 0.002, 0.0, 0.002, 0.006, 0.002, 0.0, 0.004, 0.004, 0.008, 0.002, 0.004, 0.002, 0.01, 0.002, 0.002], "epsilon_array": [0.9, 0.8499800000002277, 0.794980000000478, 0.7401300000007276, 0.6852200000009775, 0.630400000001227, 0.5755900000014764, 0.5206900000017263, 0.46570000000178613, 0.4107000000017311, 0.35591000000167633, 0.3010000000016214, 0.24615000000156656, 0.19133000000151174, 0.136600000001457, 0.1, 0.1, 0.1, 0.1, 0.1, 0.1, 0.1, 0.1, 0.1, 0.1, 0.1, 0.1, 0.1, 0.1, 0.1, 0.1, 0.1, 0.1, 0.1, 0.1, 0.1, 0.1, 0.1, 0.1, 0.1, 0.1, 0.1, 0.1, 0.1, 0.1, 0.1, 0.1, 0.1, 0.1, 0.1, 0.1, 0.1, 0.1, 0.1, 0.1, 0.1, 0.1, 0.1, 0.1, 0.1]}