{"win_rate": 0.95, "episode": 29500, "epsilon": 0.1, "_timestamp": 1694014332.970356, "_runtime": 317.90937089920044, "_step": 59, "_wandb": {"runtime": 318}}