{"win_rate": 0.176, "episode": 29500, "_timestamp": 1694020358.8997273, "_runtime": 345.6626994609833, "_step": 59, "_wandb": {"runtime": 353}}