{"win_rate": 0.0, "episode": 29500, "epsilon": 0.1, "_timestamp": 1694004324.1852336, "_runtime": 3047.200571537018, "_step": 59, "_wandb": {"runtime": 3093}}