{"win_rate": 0.0, "episode": 29500, "epsilon": 0.1, "_timestamp": 1694016032.9450984, "_runtime": 1900.8880224227905, "_step": 59, "_wandb": {"runtime": 1932}}