{"win_rate": 0.0, "episode": 29500, "epsilon": 0.1, "_timestamp": 1694003181.4200816, "_runtime": 3497.3911917209625, "_step": 59, "_wandb": {"runtime": 3558}}