{"log_episodes": [0, 500, 1000, 1500, 2000, 2500, 3000, 3500, 4000, 4500, 5000, 5500, 6000, 6500, 7000, 7500, 8000, 8500, 9000, 9500, 10000, 10500, 11000, 11500, 12000, 12500, 13000, 13500, 14000, 14500, 15000, 15500, 16000, 16500, 17000, 17500, 18000, 18500, 19000, 19500, 20000, 20500, 21000, 21500, 22000, 22500, 23000, 23500, 24000, 24500, 25000, 25500, 26000, 26500, 27000, 27500, 28000, 28500, 29000, 29500], "win_rate": [0.0, 0.134, 0.134, 0.14, 0.13, 0.15, 0.144, 0.134, 0.14, 0.104, 0.15, 0.124, 0.12, 0.126, 0.114, 0.13, 0.106, 0.112, 0.124, 0.124, 0.11, 0.132, 0.138, 0.134, 0.144, 0.132, 0.154, 0.138, 0.116, 0.124, 0.14, 0.094, 0.122, 0.108, 0.096, 0.11, 0.1, 0.118, 0.138, 0.112, 0.09, 0.094, 0.126, 0.128, 0.132, 0.094, 0.1, 0.102, 0.1, 0.116, 0.096, 0.114, 0.11, 0.13, 0.1, 0.096, 0.074, 0.096, 0.09, 0.092], "epsilon_array": [0.9, 0.8814100000000846, 0.8580700000001908, 0.8345400000002979, 0.8109000000004055, 0.7875800000005116, 0.764220000000618, 0.7407200000007249, 0.7172800000008316, 0.6933800000009404, 0.6701200000010462, 0.6465900000011533, 0.6227500000012618, 0.5991200000013693, 0.5754900000014769, 0.5518300000015846, 0.5279100000016934, 0.5041200000018017, 0.48041000000180084, 0.4567800000017772, 0.43313000000175356, 0.40955000000173, 0.38601000000170643, 0.36255000000168297, 0.33901000000165943, 0.3153600000016358, 0.2922000000016126, 0.26876000000158917, 0.2451800000015656, 0.22171000000154212, 0.19855000000151896, 0.17458000000149498, 0.15104000000147144, 0.12742000000144782, 0.10347000000145375, 0.1, 0.1, 0.1, 0.1, 0.1, 0.1, 0.1, 0.1, 0.1, 0.1, 0.1, 0.1, 0.1, 0.1, 0.1, 0.1, 0.1, 0.1, 0.1, 0.1, 0.1, 0.1, 0.1, 0.1, 0.1]}