{"log_episodes": [0, 500, 1000, 1500, 2000, 2500, 3000, 3500, 4000, 4500, 5000, 5500, 6000, 6500, 7000, 7500, 8000, 8500, 9000, 9500, 10000, 10500, 11000, 11500, 12000, 12500, 13000, 13500, 14000, 14500, 15000, 15500, 16000, 16500, 17000, 17500, 18000, 18500, 19000, 19500, 20000, 20500, 21000, 21500, 22000, 22500, 23000, 23500, 24000, 24500, 25000, 25500, 26000, 26500, 27000, 27500, 28000, 28500, 29000, 29500], "win_rate": [0.0, 0.034, 0.054, 0.078, 0.13, 0.184, 0.204, 0.284, 0.332, 0.38, 0.406, 0.494, 0.54, 0.518, 0.624, 0.626, 0.696, 0.74, 0.76, 0.82, 0.838, 0.848, 0.9, 0.91, 0.946, 0.952, 0.972, 0.964, 0.96, 0.97, 0.976, 0.96, 0.962, 0.962, 0.946, 0.966, 0.964, 0.96, 0.964, 0.952, 0.948, 0.974, 0.96, 0.958, 0.966, 0.964, 0.964, 0.964, 0.956, 0.958, 0.968, 0.964, 0.964, 0.974, 0.96, 0.97, 0.96, 0.97, 0.962, 0.966], "epsilon_array": [0.9, 0.8612200000001765, 0.8220900000003546, 0.7832100000005315, 0.7450700000007051, 0.7080200000008737, 0.6711300000010416, 0.6348200000012069, 0.5996800000013668, 0.5651000000015242, 0.5309100000016798, 0.4977800000018182, 0.4657800000017862, 0.4339800000017544, 0.40312000000172354, 0.3722600000016927, 0.34225000000166267, 0.31364000000163406, 0.2854700000016059, 0.25844000000157885, 0.23233000000155274, 0.2057800000015262, 0.1806900000015011, 0.1554000000014758, 0.13184000000145224, 0.10828000000145188, 0.1, 0.1, 0.1, 0.1, 0.1, 0.1, 0.1, 0.1, 0.1, 0.1, 0.1, 0.1, 0.1, 0.1, 0.1, 0.1, 0.1, 0.1, 0.1, 0.1, 0.1, 0.1, 0.1, 0.1, 0.1, 0.1, 0.1, 0.1, 0.1, 0.1, 0.1, 0.1, 0.1, 0.1]}