{"log_episodes": [0, 500, 1000, 1500, 2000], "win_rate": [0.0, 0.022, 0.006, 0.01, 0.006], "epsilon_array": [0.9, 0.7863600000005172, 0.6698400000010475, 0.5557800000015666, 0.44282000000176325]}