{"return": 1.0, "_timestamp": 1693676389.757799, "_runtime": 144.71648001670837, "_step": 499, "_wandb": {"runtime": 141}}