{"log_episodes": [0, 500, 1000, 1500, 2000, 2500, 3000, 3500, 4000, 4500, 5000, 5500, 6000, 6500, 7000, 7500, 8000, 8500, 9000, 9500, 10000, 10500, 11000, 11500, 12000, 12500, 13000, 13500, 14000, 14500, 15000, 15500, 16000, 16500, 17000, 17500, 18000, 18500, 19000, 19500, 20000, 20500, 21000, 21500, 22000, 22500, 23000, 23500, 24000, 24500, 25000, 25500, 26000, 26500, 27000, 27500, 28000, 28500, 29000, 29500], "win_rate": [0.0, 0.016, 0.016, 0.028, 0.018, 0.018, 0.016, 0.022, 0.022, 0.018, 0.024, 0.024, 0.022, 0.012, 0.022, 0.028, 0.02, 0.02, 0.008, 0.008, 0.012, 0.002, 0.01, 0.002, 0.0, 0.004, 0.0, 0.004, 0.004, 0.002, 0.0, 0.006, 0.006, 0.0, 0.002, 0.006, 0.006, 0.0, 0.004, 0.004, 0.004, 0.006, 0.002, 0.006, 0.004, 0.004, 0.0, 0.006, 0.004, 0.006, 0.002, 0.006, 0.0, 0.004, 0.008, 0.004, 0.008, 0.002, 0.002, 0.0], "epsilon_array": [0.9, 0.8508500000002237, 0.8012400000004495, 0.7518100000006744, 0.7021700000009004, 0.6525300000011263, 0.6028900000013522, 0.5533600000015776, 0.5037900000018032, 0.45431000000177474, 0.4047900000017252, 0.3551800000016756, 0.3053900000016258, 0.255600000001576, 0.20622000000152663, 0.15687000000147727, 0.10727000000145227, 0.1, 0.1, 0.1, 0.1, 0.1, 0.1, 0.1, 0.1, 0.1, 0.1, 0.1, 0.1, 0.1, 0.1, 0.1, 0.1, 0.1, 0.1, 0.1, 0.1, 0.1, 0.1, 0.1, 0.1, 0.1, 0.1, 0.1, 0.1, 0.1, 0.1, 0.1, 0.1, 0.1, 0.1, 0.1, 0.1, 0.1, 0.1, 0.1, 0.1, 0.1, 0.1, 0.1]}