{"win_rate": 0.946, "episode": 29500, "epsilon": 0.1, "_timestamp": 1694014304.983588, "_runtime": 320.1893699169159, "_step": 59, "_wandb": {"runtime": 319}}