{"log_episodes": [0, 500, 1000, 1500], "win_rate": [0.0, 0.32, 0.334, 0.326], "epsilon_array": [0.9, 0.8718500000001281, 0.8432100000002585, 0.8141700000003906]}