{"log_episodes": [0, 500, 1000, 1500, 2000, 2500, 3000, 3500, 4000, 4500, 5000, 5500, 6000, 6500, 7000, 7500, 8000, 8500, 9000, 9500, 10000, 10500, 11000, 11500, 12000, 12500, 13000, 13500, 14000, 14500, 15000, 15500, 16000, 16500, 17000, 17500, 18000, 18500, 19000, 19500, 20000, 20500, 21000, 21500, 22000, 22500, 23000, 23500, 24000, 24500, 25000, 25500, 26000, 26500, 27000, 27500, 28000, 28500, 29000, 29500], "win_rate": [0.002, 0.146, 0.184, 0.272, 0.298, 0.332, 0.386, 0.398, 0.502, 0.544, 0.602, 0.6, 0.636, 0.682, 0.702, 0.74, 0.798, 0.802, 0.814, 0.854, 0.896, 0.87, 0.9, 0.922, 0.924, 0.956, 0.958, 0.958, 0.956, 0.944, 0.94, 0.938, 0.936, 0.956, 0.968, 0.966, 0.966, 0.944, 0.95, 0.94, 0.964, 0.956, 0.962, 0.946, 0.938, 0.944, 0.968, 0.968, 0.938, 0.94, 0.96, 0.958, 0.964, 0.97, 0.952, 0.944, 0.954, 0.952, 0.95, 0.958], "epsilon_array": [0.9, 0.8501800000002268, 0.8007600000004517, 0.7546800000006614, 0.7089900000008693, 0.6647600000010706, 0.6230000000012607, 0.5813800000014501, 0.5446400000016173, 0.5086900000017809, 0.47534000000179577, 0.4419700000017624, 0.41014000000173056, 0.38003000000170045, 0.35074000000167116, 0.32353000000164395, 0.2978000000016182, 0.2726700000015931, 0.24824000000156865, 0.22495000000154536, 0.2030800000015235, 0.18103000000150143, 0.16058000000148098, 0.14104000000146144, 0.12135000000144681, 0.10288000000145398, 0.1, 0.1, 0.1, 0.1, 0.1, 0.1, 0.1, 0.1, 0.1, 0.1, 0.1, 0.1, 0.1, 0.1, 0.1, 0.1, 0.1, 0.1, 0.1, 0.1, 0.1, 0.1, 0.1, 0.1, 0.1, 0.1, 0.1, 0.1, 0.1, 0.1, 0.1, 0.1, 0.1, 0.1]}