{"log_episodes": [0, 500, 1000, 1500, 2000, 2500, 3000, 3500, 4000, 4500, 5000, 5500, 6000, 6500, 7000, 7500, 8000, 8500, 9000, 9500, 10000, 10500, 11000, 11500, 12000, 12500, 13000, 13500, 14000, 14500, 15000, 15500, 16000, 16500, 17000, 17500, 18000, 18500, 19000, 19500, 20000, 20500, 21000, 21500, 22000, 22500, 23000, 23500, 24000, 24500, 25000, 25500, 26000, 26500, 27000, 27500, 28000, 28500, 29000, 29500], "win_rate": [0.0, 0.03, 0.022, 0.038, 0.03, 0.032, 0.014, 0.034, 0.024, 0.05, 0.03, 0.03, 0.022, 0.03, 0.024, 0.028, 0.026, 0.018, 0.024, 0.018, 0.028, 0.022, 0.02, 0.022, 0.018, 0.012, 0.016, 0.014, 0.014, 0.014, 0.022, 0.014, 0.012, 0.018, 0.038, 0.018, 0.01, 0.026, 0.02, 0.006, 0.016, 0.016, 0.022, 0.01, 0.026, 0.028, 0.014, 0.018, 0.012, 0.014, 0.022, 0.018, 0.018, 0.012, 0.016, 0.018, 0.014, 0.026, 0.018, 0.026], "epsilon_array": [0.9, 0.8654500000001573, 0.8257800000003378, 0.786630000000516, 0.7471400000006957, 0.707750000000875, 0.6678800000010564, 0.6284500000012359, 0.588860000001416, 0.5498800000015934, 0.510420000001773, 0.4710900000017915, 0.4314800000017519, 0.3920900000017125, 0.3524600000016729, 0.3130700000016335, 0.273580000001594, 0.23391000000155432, 0.19448000000151489, 0.15495000000147535, 0.1154600000014491, 0.1, 0.1, 0.1, 0.1, 0.1, 0.1, 0.1, 0.1, 0.1, 0.1, 0.1, 0.1, 0.1, 0.1, 0.1, 0.1, 0.1, 0.1, 0.1, 0.1, 0.1, 0.1, 0.1, 0.1, 0.1, 0.1, 0.1, 0.1, 0.1, 0.1, 0.1, 0.1, 0.1, 0.1, 0.1, 0.1, 0.1, 0.1, 0.1]}