{"log_episodes": [0, 500, 1000, 1500, 2000, 2500, 3000, 3500, 4000, 4500, 5000, 5500, 6000, 6500, 7000, 7500, 8000, 8500, 9000, 9500, 10000, 10500, 11000, 11500, 12000, 12500, 13000, 13500, 14000, 14500, 15000, 15500, 16000, 16500, 17000, 17500, 18000, 18500, 19000, 19500, 20000, 20500, 21000, 21500, 22000, 22500, 23000, 23500, 24000, 24500, 25000, 25500, 26000, 26500, 27000, 27500, 28000, 28500, 29000, 29500], "win_rate": [0.0, 0.0, 0.022, 0.282, 0.696, 0.912, 0.978, 0.988, 0.992, 0.988, 0.986, 0.988, 0.99, 0.99, 0.994, 0.992, 0.988, 0.988, 0.992, 0.996, 0.992, 0.994, 0.992, 1.0, 0.988, 0.988, 0.984, 0.99, 0.986, 0.992, 0.986, 0.99, 0.992, 0.99, 0.978, 0.996, 0.986, 0.98, 0.986, 0.994, 0.992, 0.994, 0.99, 0.99, 0.986, 0.994, 0.99, 0.986, 0.994, 0.994, 0.988, 0.998, 0.986, 0.988, 0.992, 0.998, 0.992, 0.99, 0.986, 0.986], "epsilon_array": [0.9, 0.7018600000009018, 0.5064300000017912, 0.3460000000016664, 0.23826000000155867, 0.16144000000148184, 0.1, 0.1, 0.1, 0.1, 0.1, 0.1, 0.1, 0.1, 0.1, 0.1, 0.1, 0.1, 0.1, 0.1, 0.1, 0.1, 0.1, 0.1, 0.1, 0.1, 0.1, 0.1, 0.1, 0.1, 0.1, 0.1, 0.1, 0.1, 0.1, 0.1, 0.1, 0.1, 0.1, 0.1, 0.1, 0.1, 0.1, 0.1, 0.1, 0.1, 0.1, 0.1, 0.1, 0.1, 0.1, 0.1, 0.1, 0.1, 0.1, 0.1, 0.1, 0.1, 0.1, 0.1]}