{"log_episodes": [0, 500, 1000, 1500, 2000, 2500, 3000, 3500, 4000, 4500, 5000, 5500, 6000, 6500, 7000, 7500, 8000, 8500, 9000, 9500, 10000, 10500, 11000, 11500, 12000, 12500, 13000, 13500, 14000, 14500, 15000, 15500, 16000, 16500, 17000, 17500, 18000, 18500, 19000, 19500, 20000, 20500, 21000, 21500, 22000, 22500, 23000, 23500, 24000, 24500, 25000, 25500, 26000, 26500, 27000, 27500, 28000, 28500, 29000, 29500], "win_rate": [0.0, 0.022, 0.07, 0.202, 0.414, 0.576, 0.744, 0.866, 0.928, 0.966, 0.99, 0.984, 0.996, 0.97, 0.968, 0.984, 0.99, 0.988, 0.98, 0.968, 0.986, 0.982, 0.978, 0.986, 0.976, 0.98, 0.982, 0.982, 0.984, 0.984, 0.984, 0.98, 0.978, 0.988, 0.99, 0.992, 0.984, 0.988, 0.976, 0.984, 0.966, 0.982, 0.98, 0.98, 0.98, 0.988, 0.988, 0.99, 0.974, 0.98, 0.99, 0.978, 0.984, 0.986, 0.968, 0.982, 0.986, 0.978, 0.98, 0.986], "epsilon_array": [0.9, 0.7645800000006163, 0.6328600000012158, 0.51327000000176, 0.4122800000017327, 0.3261100000016465, 0.2556800000015761, 0.19738000000151779, 0.14745000000146785, 0.10284000000145399, 0.1, 0.1, 0.1, 0.1, 0.1, 0.1, 0.1, 0.1, 0.1, 0.1, 0.1, 0.1, 0.1, 0.1, 0.1, 0.1, 0.1, 0.1, 0.1, 0.1, 0.1, 0.1, 0.1, 0.1, 0.1, 0.1, 0.1, 0.1, 0.1, 0.1, 0.1, 0.1, 0.1, 0.1, 0.1, 0.1, 0.1, 0.1, 0.1, 0.1, 0.1, 0.1, 0.1, 0.1, 0.1, 0.1, 0.1, 0.1, 0.1, 0.1]}