{"log_episodes": [0, 500, 1000, 1500, 2000, 2500, 3000, 3500, 4000, 4500, 5000, 5500, 6000, 6500, 7000, 7500, 8000, 8500, 9000, 9500, 10000, 10500, 11000, 11500, 12000, 12500, 13000, 13500, 14000, 14500, 15000, 15500, 16000, 16500, 17000, 17500, 18000, 18500, 19000, 19500, 20000, 20500, 21000, 21500, 22000, 22500, 23000, 23500, 24000, 24500, 25000, 25500, 26000, 26500, 27000, 27500, 28000, 28500, 29000, 29500], "win_rate": [0.002, 0.102, 0.144, 0.204, 0.174, 0.25, 0.256, 0.266, 0.31, 0.392, 0.412, 0.404, 0.436, 0.472, 0.482, 0.528, 0.536, 0.586, 0.628, 0.638, 0.672, 0.66, 0.752, 0.736, 0.754, 0.764, 0.802, 0.822, 0.848, 0.866, 0.878, 0.902, 0.916, 0.906, 0.932, 0.944, 0.952, 0.966, 0.96, 0.946, 0.946, 0.952, 0.942, 0.956, 0.954, 0.952, 0.94, 0.966, 0.964, 0.94, 0.952, 0.946, 0.952, 0.968, 0.942, 0.944, 0.954, 0.956, 0.958, 0.954], "epsilon_array": [0.9, 0.8718300000001282, 0.8433500000002578, 0.8159500000003825, 0.7879700000005099, 0.7607300000006338, 0.7337500000007566, 0.7071100000008779, 0.6808500000009974, 0.6552400000011139, 0.6302000000012279, 0.6048200000013434, 0.5803700000014547, 0.556340000001564, 0.5317100000016761, 0.507790000001785, 0.48450000000180493, 0.46154000000178197, 0.43872000000175915, 0.4166700000017371, 0.39471000000171513, 0.3730000000016934, 0.3526600000016731, 0.33154000000165196, 0.3107000000016311, 0.2899900000016104, 0.27005000000159046, 0.2504000000015708, 0.23052000000155093, 0.21162000000153203, 0.19338000000151379, 0.17434000000149474, 0.15646000000147686, 0.13867000000145907, 0.12122000000144686, 0.1043800000014534, 0.1, 0.1, 0.1, 0.1, 0.1, 0.1, 0.1, 0.1, 0.1, 0.1, 0.1, 0.1, 0.1, 0.1, 0.1, 0.1, 0.1, 0.1, 0.1, 0.1, 0.1, 0.1, 0.1, 0.1]}