{"log_episodes": [0, 500, 1000, 1500, 2000, 2500, 3000, 3500, 4000, 4500, 5000, 5500, 6000, 6500, 7000, 7500], "win_rate": [0.0, 0.028, 0.016, 0.016, 0.012, 0.004, 0.008, 0.002, 0.0, 0.004, 0.0, 0.0, 0.0, 0.0, 0.0, 0.002], "epsilon_array": [0.9, 0.8270300000003321, 0.7509200000006785, 0.6748800000010245, 0.5998400000013661, 0.5254900000017044, 0.4520900000017725, 0.38002000000170044, 0.3101600000016306, 0.24226000000156267, 0.17788000000149828, 0.11504000000144926, 0.1, 0.1, 0.1, 0.1]}