{"win_rate": 0.0, "episode": 15000, "epsilon": 0.1, "_timestamp": 1693935351.2950172, "_runtime": 470.4931843280792, "_step": 30, "_wandb": {"runtime": 479}}