{"log_episodes": [0, 500, 1000, 1500, 2000, 2500, 3000, 3500, 4000, 4500, 5000, 5500, 6000, 6500, 7000, 7500, 8000, 8500, 9000, 9500, 10000, 10500, 11000, 11500, 12000], "win_rate": [0.0, 0.03, 0.02, 0.03, 0.02, 0.026, 0.028, 0.032, 0.036, 0.032, 0.024, 0.022, 0.026, 0.022, 0.018, 0.028, 0.018, 0.016, 0.022, 0.018, 0.022, 0.03, 0.018, 0.018, 0.018], "epsilon_array": [0.9, 0.8655200000001569, 0.8258500000003375, 0.7864300000005169, 0.7468000000006972, 0.7072000000008775, 0.6677000000010572, 0.6284000000012361, 0.5891600000014147, 0.549750000001594, 0.510200000001774, 0.4704900000017909, 0.4308600000017513, 0.39122000000171164, 0.35163000000167205, 0.3120000000016324, 0.2723900000015928, 0.2328000000015532, 0.19327000000151368, 0.1537100000014741, 0.1141700000014496, 0.1, 0.1, 0.1, 0.1]}