{"win_rate": 0.934, "episode": 29500, "epsilon": 0.1, "_timestamp": 1694020681.172012, "_runtime": 338.5721731185913, "_step": 59, "_wandb": {"runtime": 341}}