{"log_episodes": [0, 500, 1000, 1500, 2000, 2500, 3000, 3500, 4000, 4500, 5000, 5500, 6000, 6500, 7000, 7500, 8000, 8500, 9000, 9500, 10000, 10500, 11000, 11500, 12000, 12500, 13000, 13500, 14000, 14500, 15000, 15500, 16000, 16500, 17000, 17500, 18000, 18500, 19000, 19500, 20000, 20500, 21000, 21500, 22000, 22500, 23000, 23500, 24000, 24500, 25000, 25500, 26000, 26500, 27000, 27500, 28000, 28500, 29000, 29500], "win_rate": [0.0, 0.194, 0.194, 0.204, 0.166, 0.154, 0.156, 0.174, 0.15, 0.13, 0.13, 0.118, 0.15, 0.1, 0.088, 0.082, 0.088, 0.076, 0.066, 0.07, 0.058, 0.046, 0.044, 0.036, 0.022, 0.062, 0.246, 0.648, 0.82, 0.91, 0.956, 0.936, 0.938, 0.942, 0.948, 0.968, 0.938, 0.942, 0.948, 0.96, 0.952, 0.938, 0.958, 0.954, 0.946, 0.96, 0.942, 0.942, 0.946, 0.946, 0.946, 0.95, 0.95, 0.936, 0.95, 0.962, 0.952, 0.942, 0.952, 0.948], "epsilon_array": [0.9, 0.8688900000001416, 0.8363800000002896, 0.8042700000004357, 0.7711000000005866, 0.7377300000007385, 0.7047400000008887, 0.6719700000010378, 0.6386400000011895, 0.6048400000013433, 0.5710400000014971, 0.537010000001652, 0.5037800000018032, 0.46930000000178973, 0.4348900000017553, 0.40012000000172054, 0.3653800000016858, 0.3307600000016512, 0.2957900000016162, 0.26124000000158165, 0.22667000000154708, 0.19154000000151195, 0.1568900000014773, 0.12219000000144649, 0.1, 0.1, 0.1, 0.1, 0.1, 0.1, 0.1, 0.1, 0.1, 0.1, 0.1, 0.1, 0.1, 0.1, 0.1, 0.1, 0.1, 0.1, 0.1, 0.1, 0.1, 0.1, 0.1, 0.1, 0.1, 0.1, 0.1, 0.1, 0.1, 0.1, 0.1, 0.1, 0.1, 0.1, 0.1, 0.1]}