{"log_episodes": [0, 500, 1000, 1500, 2000, 2500, 3000, 3500, 4000, 4500, 5000, 5500, 6000, 6500, 7000, 7500, 8000, 8500, 9000, 9500, 10000, 10500, 11000, 11500, 12000, 12500, 13000, 13500, 14000, 14500, 15000, 15500, 16000, 16500, 17000, 17500, 18000, 18500, 19000, 19500, 20000, 20500, 21000, 21500, 22000, 22500, 23000, 23500, 24000, 24500, 25000, 25500, 26000, 26500, 27000, 27500, 28000, 28500, 29000, 29500], "win_rate": [0.0, 0.33, 0.306, 0.316, 0.318, 0.348, 0.316, 0.368, 0.308, 0.332, 0.346, 0.338, 0.286, 0.314, 0.358, 0.29, 0.328, 0.314, 0.336, 0.304, 0.338, 0.3, 0.31, 0.332, 0.328, 0.3, 0.358, 0.364, 0.314, 0.342, 0.336, 0.304, 0.35, 0.336, 0.344, 0.306, 0.312, 0.294, 0.354, 0.348, 0.354, 0.344, 0.308, 0.332, 0.336, 0.344, 0.344, 0.338, 0.306, 0.328, 0.298, 0.338, 0.27, 0.326, 0.33, 0.314, 0.314, 0.338, 0.27, 0.254], "epsilon_array": [0.9, 0.8918300000000372, 0.8785000000000979, 0.8654500000001573, 0.8523100000002171, 0.8392400000002765, 0.8260600000003365, 0.813000000000396, 0.7995200000004573, 0.786400000000517, 0.7734100000005761, 0.7604900000006349, 0.747070000000696, 0.7337400000007567, 0.7207800000008157, 0.7074900000008761, 0.6943700000009358, 0.6813400000009951, 0.6684600000010538, 0.6553000000011137, 0.6422200000011732, 0.6289800000012334, 0.6157500000012937, 0.6026100000013535, 0.5894700000014133, 0.5762100000014736, 0.5634100000015319, 0.5504400000015909, 0.5372600000016509, 0.5242900000017099, 0.5113700000017687, 0.49810000000181853, 0.4850600000018055, 0.4720500000017925, 0.45913000000177956, 0.44591000000176634, 0.4326800000017531, 0.41942000000173985, 0.4064500000017269, 0.3934900000017139, 0.38053000000170095, 0.3674600000016879, 0.35413000000167455, 0.3409900000016614, 0.32812000000164854, 0.31522000000163564, 0.3023800000016228, 0.28945000000160986, 0.2763700000015968, 0.26316000000158357, 0.24987000000157028, 0.2369000000015573, 0.2233800000015438, 0.21043000000153084, 0.1973900000015178, 0.18421000000150461, 0.17128000000149168, 0.1584000000014788, 0.1450100000014654, 0.13168000000145208]}