{"log_episodes": [0, 500, 1000, 1500, 2000, 2500, 3000, 3500, 4000, 4500, 5000, 5500, 6000, 6500, 7000, 7500, 8000, 8500, 9000, 9500, 10000, 10500, 11000, 11500, 12000, 12500, 13000, 13500, 14000, 14500, 15000, 15500, 16000, 16500, 17000, 17500, 18000, 18500, 19000, 19500, 20000, 20500, 21000, 21500, 22000, 22500, 23000, 23500, 24000, 24500, 25000, 25500, 26000, 26500, 27000, 27500, 28000, 28500, 29000, 29500], "win_rate": [0.0, 0.048, 0.092, 0.106, 0.166, 0.182, 0.214, 0.272, 0.292, 0.37, 0.424, 0.462, 0.5, 0.524, 0.622, 0.624, 0.656, 0.722, 0.736, 0.796, 0.808, 0.84, 0.876, 0.9, 0.928, 0.964, 0.96, 0.966, 0.958, 0.966, 0.97, 0.958, 0.95, 0.96, 0.942, 0.964, 0.966, 0.966, 0.956, 0.964, 0.962, 0.958, 0.954, 0.964, 0.964, 0.958, 0.956, 0.962, 0.954, 0.962, 0.954, 0.968, 0.968, 0.972, 0.96, 0.968, 0.95, 0.96, 0.968, 0.952], "epsilon_array": [0.9, 0.8658800000001553, 0.8271000000003318, 0.7887900000005061, 0.7513500000006765, 0.7143500000008449, 0.6777000000010117, 0.6417200000011755, 0.6059100000013384, 0.571290000001496, 0.5373100000016506, 0.5046300000017994, 0.4718500000017923, 0.44001000000176044, 0.40884000000172926, 0.3782900000016987, 0.3484600000016689, 0.31984000000164026, 0.29042000000161083, 0.2627700000015832, 0.2356800000015561, 0.20901000000152942, 0.18464000000150504, 0.1597100000014801, 0.13563000000145603, 0.11188000000145049, 0.1, 0.1, 0.1, 0.1, 0.1, 0.1, 0.1, 0.1, 0.1, 0.1, 0.1, 0.1, 0.1, 0.1, 0.1, 0.1, 0.1, 0.1, 0.1, 0.1, 0.1, 0.1, 0.1, 0.1, 0.1, 0.1, 0.1, 0.1, 0.1, 0.1, 0.1, 0.1, 0.1, 0.1]}