{"log_episodes": [0, 500, 1000, 1500, 2000, 2500, 3000, 3500, 4000, 4500, 5000, 5500, 6000, 6500, 7000, 7500, 8000, 8500, 9000, 9500, 10000, 10500, 11000, 11500, 12000, 12500, 13000, 13500, 14000, 14500, 15000, 15500, 16000, 16500, 17000, 17500, 18000, 18500, 19000, 19500, 20000, 20500, 21000, 21500, 22000, 22500, 23000, 23500, 24000, 24500, 25000, 25500, 26000, 26500, 27000, 27500, 28000, 28500, 29000, 29500], "win_rate": [0.0, 0.206, 0.23, 0.184, 0.188, 0.232, 0.224, 0.196, 0.218, 0.222, 0.204, 0.214, 0.214, 0.202, 0.214, 0.214, 0.198, 0.192, 0.224, 0.246, 0.214, 0.186, 0.198, 0.172, 0.224, 0.178, 0.202, 0.21, 0.202, 0.19, 0.212, 0.194, 0.186, 0.192, 0.178, 0.198, 0.198, 0.218, 0.152, 0.202, 0.176, 0.2, 0.17, 0.166, 0.158, 0.17, 0.182, 0.17, 0.144, 0.166, 0.146, 0.156, 0.176, 0.15, 0.152, 0.174, 0.118, 0.192, 0.156, 0.13], "epsilon_array": [0.9, 0.8867000000000606, 0.8684500000001436, 0.8498500000002283, 0.8314700000003119, 0.8133000000003946, 0.7949300000004782, 0.7764900000005621, 0.7583400000006447, 0.7402100000007272, 0.7217800000008111, 0.703340000000895, 0.6852300000009774, 0.6669100000010608, 0.6486700000011438, 0.6305000000012265, 0.6123500000013091, 0.5941900000013918, 0.5758800000014751, 0.5580200000015564, 0.5399700000016385, 0.5215700000017223, 0.5029900000018068, 0.484590000001805, 0.46643000000178686, 0.44784000000176827, 0.42957000000175, 0.4114000000017318, 0.39333000000171375, 0.3750000000016954, 0.3567600000016772, 0.33854000000165896, 0.32033000000164075, 0.3021800000016226, 0.28372000000160413, 0.26553000000158594, 0.2473000000015677, 0.22946000000154987, 0.2108900000015313, 0.19288000000151329, 0.17458000000149498, 0.15642000000147682, 0.1381000000014585, 0.11971000000144745, 0.10140000000145455, 0.1, 0.1, 0.1, 0.1, 0.1, 0.1, 0.1, 0.1, 0.1, 0.1, 0.1, 0.1, 0.1, 0.1, 0.1]}