{"log_episodes": [0, 500, 1000, 1500, 2000, 2500, 3000, 3500, 4000, 4500, 5000, 5500, 6000, 6500, 7000, 7500, 8000, 8500, 9000, 9500, 10000, 10500, 11000, 11500, 12000, 12500, 13000, 13500, 14000, 14500, 15000, 15500, 16000, 16500, 17000, 17500, 18000, 18500, 19000, 19500, 20000, 20500, 21000, 21500, 22000, 22500, 23000, 23500, 24000, 24500, 25000, 25500, 26000, 26500, 27000, 27500, 28000, 28500, 29000, 29500], "win_rate": [0.0, 0.008, 0.01, 0.004, 0.02, 0.012, 0.014, 0.01, 0.004, 0.008, 0.004, 0.004, 0.008, 0.002, 0.012, 0.008, 0.004, 0.0, 0.01, 0.0, 0.008, 0.006, 0.004, 0.008, 0.002, 0.0, 0.002, 0.002, 0.008, 0.006, 0.004, 0.01, 0.004, 0.006, 0.004, 0.004, 0.008, 0.006, 0.002, 0.01, 0.004, 0.008, 0.008, 0.008, 0.008, 0.006, 0.006, 0.004, 0.012, 0.004, 0.006, 0.008, 0.006, 0.002, 0.004, 0.008, 0.012, 0.002, 0.004, 0.008], "epsilon_array": [0.9, 0.8550800000002045, 0.8053800000004306, 0.7554400000006579, 0.7058900000008834, 0.6560500000011102, 0.6064300000013361, 0.5567100000015623, 0.5068600000017892, 0.4570700000017775, 0.40721000000172763, 0.35735000000167777, 0.30765000000162807, 0.25765000000157806, 0.20795000000152836, 0.15814000000147854, 0.10818000000145192, 0.1, 0.1, 0.1, 0.1, 0.1, 0.1, 0.1, 0.1, 0.1, 0.1, 0.1, 0.1, 0.1, 0.1, 0.1, 0.1, 0.1, 0.1, 0.1, 0.1, 0.1, 0.1, 0.1, 0.1, 0.1, 0.1, 0.1, 0.1, 0.1, 0.1, 0.1, 0.1, 0.1, 0.1, 0.1, 0.1, 0.1, 0.1, 0.1, 0.1, 0.1, 0.1, 0.1]}