{"log_episodes": [0, 500, 1000], "win_rate": [0.0, 0.0, 0.0], "epsilon_array": [0.9, 0.8751279999992848, 0.8501759999985673]}