{"log_episodes": [0, 500, 1000, 1500, 2000, 2500, 3000, 3500, 4000, 4500, 5000, 5500, 6000, 6500, 7000, 7500, 8000, 8500, 9000, 9500, 10000, 10500, 11000, 11500, 12000, 12500, 13000, 13500, 14000, 14500, 15000, 15500, 16000, 16500, 17000, 17500, 18000, 18500, 19000, 19500, 20000, 20500, 21000, 21500, 22000, 22500, 23000, 23500, 24000, 24500, 25000, 25500, 26000, 26500, 27000, 27500, 28000, 28500, 29000, 29500], "win_rate": [0.0, 0.22, 0.17, 0.144, 0.138, 0.11, 0.104, 0.124, 0.094, 0.092, 0.098, 0.076, 0.096, 0.044, 0.064, 0.058, 0.056, 0.044, 0.036, 0.024, 0.024, 0.022, 0.016, 0.008, 0.006, 0.006, 0.004, 0.01, 0.006, 0.012, 0.01, 0.01, 0.014, 0.018, 0.012, 0.004, 0.008, 0.012, 0.014, 0.01, 0.006, 0.004, 0.008, 0.006, 0.012, 0.012, 0.012, 0.018, 0.012, 0.002, 0.006, 0.006, 0.008, 0.012, 0.01, 0.012, 0.008, 0.012, 0.008, 0.008], "epsilon_array": [0.9, 0.8694300000001391, 0.8368700000002873, 0.8035800000004388, 0.7702800000005904, 0.7361000000007459, 0.7019500000009014, 0.668400000001054, 0.6341000000012101, 0.5998900000013658, 0.5658200000015209, 0.5313400000016778, 0.4976800000018181, 0.46252000000178295, 0.42873000000174916, 0.39454000000171496, 0.3602700000016807, 0.3257600000016462, 0.2916800000016121, 0.2573000000015777, 0.2229900000015434, 0.18922000000150963, 0.15557000000147597, 0.12202000000144655, 0.1, 0.1, 0.1, 0.1, 0.1, 0.1, 0.1, 0.1, 0.1, 0.1, 0.1, 0.1, 0.1, 0.1, 0.1, 0.1, 0.1, 0.1, 0.1, 0.1, 0.1, 0.1, 0.1, 0.1, 0.1, 0.1, 0.1, 0.1, 0.1, 0.1, 0.1, 0.1, 0.1, 0.1, 0.1, 0.1]}