{"log_episodes": [0, 500, 1000, 1500, 2000, 2500, 3000, 3500, 4000, 4500, 5000, 5500, 6000, 6500, 7000, 7500, 8000, 8500, 9000, 9500, 10000, 10500, 11000, 11500, 12000, 12500, 13000, 13500, 14000, 14500, 15000], "win_rate": [0.0, 0.028, 0.016, 0.016, 0.012, 0.004, 0.008, 0.006, 0.0, 0.004, 0.004, 0.0, 0.0, 0.0, 0.0, 0.002, 0.0, 0.0, 0.002, 0.0, 0.0, 0.0, 0.0, 0.0, 0.002, 0.0, 0.0, 0.0, 0.0, 0.006, 0.0], "epsilon_array": [0.9, 0.8267800000003332, 0.7507900000006791, 0.6748900000010245, 0.599630000001367, 0.5255200000017043, 0.45290000000177333, 0.3816800000017021, 0.31184000000163226, 0.244600000001565, 0.18044000000150084, 0.11886000000144778, 0.1, 0.1, 0.1, 0.1, 0.1, 0.1, 0.1, 0.1, 0.1, 0.1, 0.1, 0.1, 0.1, 0.1, 0.1, 0.1, 0.1, 0.1, 0.1]}