{"log_episodes": [0, 500, 1000, 1500, 2000, 2500, 3000, 3500, 4000, 4500, 5000, 5500, 6000, 6500, 7000, 7500, 8000, 8500, 9000, 9500, 10000, 10500, 11000, 11500, 12000, 12500, 13000, 13500, 14000, 14500, 15000, 15500, 16000, 16500, 17000, 17500, 18000, 18500, 19000, 19500, 20000, 20500, 21000, 21500, 22000, 22500, 23000, 23500, 24000, 24500, 25000, 25500, 26000, 26500, 27000, 27500, 28000, 28500, 29000, 29500], "win_rate": [0.0, 0.246, 0.306, 0.276, 0.344, 0.368, 0.406, 0.4, 0.412, 0.416, 0.422, 0.444, 0.456, 0.494, 0.444, 0.518, 0.534, 0.538, 0.542, 0.582, 0.582, 0.592, 0.62, 0.606, 0.582, 0.632, 0.65, 0.69, 0.704, 0.682, 0.7, 0.746, 0.73, 0.722, 0.734, 0.756, 0.734, 0.768, 0.788, 0.802, 0.786, 0.828, 0.83, 0.82, 0.868, 0.874, 0.86, 0.854, 0.88, 0.918, 0.908, 0.904, 0.9, 0.94, 0.922, 0.958, 0.946, 0.948, 0.946, 0.934], "epsilon_array": [0.9, 0.8824100000000801, 0.8651300000001587, 0.8473100000002398, 0.8301700000003178, 0.8133100000003946, 0.796510000000471, 0.7797100000005475, 0.7629900000006236, 0.7464700000006987, 0.7300900000007733, 0.7136000000008483, 0.6971100000009234, 0.6808800000009972, 0.6643000000010727, 0.6483700000011452, 0.6326400000012168, 0.6170700000012876, 0.6016500000013578, 0.586450000001427, 0.5713500000014957, 0.5560000000015656, 0.5411200000016333, 0.526020000001702, 0.5104800000017727, 0.49563000000181606, 0.4808500000018013, 0.4663600000017868, 0.45200000000177243, 0.43744000000175787, 0.4230800000017435, 0.4093900000017298, 0.3953000000017157, 0.381580000001702, 0.3677600000016882, 0.3540700000016745, 0.3403600000016608, 0.32693000000164735, 0.3134100000016338, 0.3000900000016205, 0.28694000000160735, 0.2734900000015939, 0.26065000000158106, 0.24811000000156852, 0.23547000000155588, 0.22324000000154365, 0.21064000000153105, 0.1979000000015183, 0.18528000000150568, 0.17333000000149373, 0.16137000000148177, 0.14943000000146983, 0.13785000000145825, 0.1261100000014465, 0.11437000000144952, 0.10305000000145391, 0.1, 0.1, 0.1, 0.1]}