{"win_rate": 0.942, "episode": 29500, "epsilon": 0.1, "_timestamp": 1694020639.4523654, "_runtime": 387.42388439178467, "_step": 59, "_wandb": {"runtime": 390}}