{"log_episodes": [0, 500, 1000, 1500, 2000, 2500, 3000, 3500, 4000, 4500, 5000, 5500, 6000, 6500, 7000, 7500, 8000, 8500, 9000, 9500, 10000, 10500, 11000, 11500, 12000, 12500, 13000, 13500, 14000, 14500, 15000, 15500, 16000, 16500, 17000, 17500, 18000, 18500, 19000, 19500, 20000, 20500, 21000, 21500, 22000, 22500, 23000, 23500, 24000, 24500, 25000, 25500, 26000, 26500, 27000, 27500, 28000, 28500, 29000, 29500], "win_rate": [0.0, 0.006, 0.004, 0.002, 0.002, 0.0, 0.002, 0.0, 0.004, 0.006, 0.002, 0.002, 0.0, 0.0, 0.0, 0.0, 0.0, 0.0, 0.004, 0.004, 0.0, 0.002, 0.0, 0.004, 0.0, 0.002, 0.002, 0.002, 0.0, 0.002, 0.004, 0.0, 0.002, 0.002, 0.002, 0.004, 0.0, 0.002, 0.002, 0.0, 0.004, 0.0, 0.004, 0.002, 0.004, 0.0, 0.008, 0.0, 0.002, 0.0, 0.0, 0.0, 0.004, 0.0, 0.002, 0.0, 0.0, 0.004, 0.0, 0.002], "epsilon_array": [0.9, 0.8449600000002505, 0.785090000000523, 0.7251200000007959, 0.6652100000010686, 0.6052100000013416, 0.5452900000016143, 0.4852900000018057, 0.4254600000017459, 0.36565000000168607, 0.3056900000016261, 0.24577000000156618, 0.18577000000150617, 0.12577000000144617, 0.1, 0.1, 0.1, 0.1, 0.1, 0.1, 0.1, 0.1, 0.1, 0.1, 0.1, 0.1, 0.1, 0.1, 0.1, 0.1, 0.1, 0.1, 0.1, 0.1, 0.1, 0.1, 0.1, 0.1, 0.1, 0.1, 0.1, 0.1, 0.1, 0.1, 0.1, 0.1, 0.1, 0.1, 0.1, 0.1, 0.1, 0.1, 0.1, 0.1, 0.1, 0.1, 0.1, 0.1, 0.1, 0.1]}