{"log_episodes": [0, 500, 1000, 1500, 2000, 2500, 3000, 3500, 4000, 4500, 5000, 5500, 6000, 6500, 7000, 7500, 8000, 8500, 9000, 9500, 10000, 10500, 11000, 11500], "win_rate": [0.0, 0.024, 0.026, 0.036, 0.018, 0.02, 0.018, 0.022, 0.044, 0.024, 0.022, 0.024, 0.032, 0.022, 0.026, 0.02, 0.024, 0.016, 0.024, 0.024, 0.026, 0.014, 0.016, 0.014], "epsilon_array": [0.9, 0.865290000000158, 0.825730000000338, 0.7864700000005167, 0.7467700000006974, 0.7071200000008778, 0.667520000001058, 0.6278700000012385, 0.5885100000014176, 0.5490600000015972, 0.5095000000017772, 0.4698700000017903, 0.43041000000175084, 0.3907700000017112, 0.3512000000016716, 0.31165000000163207, 0.27203000000159244, 0.23244000000155285, 0.19298000000151339, 0.15352000000147392, 0.11393000000144969, 0.1, 0.1, 0.1]}