{"log_episodes": [0, 500, 1000, 1500, 2000, 2500, 3000, 3500, 4000, 4500, 5000, 5500, 6000, 6500, 7000, 7500, 8000, 8500, 9000, 9500, 10000, 10500, 11000, 11500, 12000, 12500, 13000, 13500, 14000, 14500, 15000, 15500, 16000, 16500, 17000, 17500, 18000, 18500, 19000, 19500, 20000, 20500, 21000, 21500, 22000, 22500, 23000, 23500, 24000, 24500, 25000, 25500, 26000, 26500, 27000, 27500, 28000, 28500, 29000, 29500], "win_rate": [0.0, 0.214, 0.226, 0.18, 0.216, 0.198, 0.204, 0.24, 0.218, 0.22, 0.198, 0.238, 0.204, 0.234, 0.228, 0.238, 0.208, 0.208, 0.198, 0.192, 0.196, 0.226, 0.186, 0.198, 0.198, 0.198, 0.17, 0.222, 0.154, 0.208, 0.212, 0.19, 0.208, 0.162, 0.198, 0.174, 0.234, 0.18, 0.152, 0.194, 0.178, 0.166, 0.186, 0.178, 0.196, 0.172, 0.194, 0.206, 0.184, 0.168, 0.242, 0.214, 0.238, 0.238, 0.202, 0.218, 0.184, 0.21, 0.208, 0.218], "epsilon_array": [0.9, 0.88683000000006, 0.8689600000001413, 0.8503200000002261, 0.8321500000003088, 0.8139200000003918, 0.7955400000004754, 0.7773500000005582, 0.7591100000006412, 0.7409800000007237, 0.7227400000008067, 0.7047800000008885, 0.6864800000009718, 0.6685000000010536, 0.6503700000011361, 0.6323300000012182, 0.6142100000013007, 0.5960200000013834, 0.5775700000014674, 0.5591500000015512, 0.5407900000016348, 0.5226200000017175, 0.5041200000018017, 0.48583000000180626, 0.467580000001788, 0.4491800000017696, 0.430600000001751, 0.41254000000173296, 0.39403000000171445, 0.37603000000169645, 0.35795000000167837, 0.33955000000165997, 0.3213800000016418, 0.3028800000016233, 0.28474000000160515, 0.26626000000158667, 0.24843000000156884, 0.23013000000155054, 0.21157000000153198, 0.19331000000151372, 0.17497000000149537, 0.15658000000147698, 0.13837000000145877, 0.11998000000144735, 0.1017800000014544, 0.1, 0.1, 0.1, 0.1, 0.1, 0.1, 0.1, 0.1, 0.1, 0.1, 0.1, 0.1, 0.1, 0.1, 0.1]}