{"log_episodes": [0, 500, 1000, 1500, 2000, 2500, 3000, 3500, 4000, 4500, 5000, 5500, 6000, 6500, 7000, 7500, 8000, 8500, 9000, 9500], "win_rate": [0.0, 0.214, 0.226, 0.18, 0.216, 0.198, 0.204, 0.24, 0.218, 0.22, 0.198, 0.238, 0.204, 0.234, 0.228, 0.238, 0.208, 0.208, 0.198, 0.192], "epsilon_array": [0.9, 0.88683000000006, 0.8689600000001413, 0.8503200000002261, 0.8321500000003088, 0.8139200000003918, 0.7955400000004754, 0.7773500000005582, 0.7591100000006412, 0.7409800000007237, 0.7227400000008067, 0.7047800000008885, 0.6864800000009718, 0.6685000000010536, 0.6503700000011361, 0.6323300000012182, 0.6142100000013007, 0.5960200000013834, 0.5775700000014674, 0.5591500000015512]}