{"return": 1.0, "_timestamp": 1693676159.4490416, "_runtime": 29.66042160987854, "_step": 499, "_wandb": {"runtime": 24}}