{"log_episodes": [0, 500, 1000, 1500, 2000, 2500, 3000, 3500, 4000, 4500, 5000, 5500, 6000, 6500, 7000, 7500, 8000, 8500, 9000, 9500, 10000, 10500, 11000, 11500, 12000, 12500, 13000, 13500, 14000, 14500, 15000, 15500, 16000, 16500, 17000, 17500, 18000, 18500, 19000, 19500, 20000, 20500, 21000, 21500, 22000, 22500, 23000, 23500, 24000, 24500, 25000, 25500, 26000, 26500, 27000, 27500, 28000, 28500, 29000, 29500], "win_rate": [0.0, 0.458, 0.768, 0.794, 0.814, 0.824, 0.832, 0.872, 0.878, 0.91, 0.902, 0.928, 0.95, 0.932, 0.944, 0.946, 0.938, 0.95, 0.93, 0.944, 0.94, 0.936, 0.942, 0.954, 0.948, 0.932, 0.928, 0.942, 0.972, 0.96, 0.946, 0.956, 0.944, 0.958, 0.94, 0.948, 0.954, 0.956, 0.948, 0.946, 0.956, 0.928, 0.946, 0.946, 0.948, 0.94, 0.928, 0.94, 0.958, 0.944, 0.948, 0.954, 0.95, 0.956, 0.952, 0.936, 0.968, 0.944, 0.932, 0.942], "epsilon_array": [0.3, 0.27647999999997647, 0.2591199999999591, 0.24247999999994246, 0.22628999999992627, 0.2103099999999103, 0.19493999999989492, 0.18045999999988044, 0.16619999999986618, 0.15274999999985273, 0.13893999999983891, 0.1259299999998259, 0.1135999999998294, 0.10077999999983438, 0.1, 0.1, 0.1, 0.1, 0.1, 0.1, 0.1, 0.1, 0.1, 0.1, 0.1, 0.1, 0.1, 0.1, 0.1, 0.1, 0.1, 0.1, 0.1, 0.1, 0.1, 0.1, 0.1, 0.1, 0.1, 0.1, 0.1, 0.1, 0.1, 0.1, 0.1, 0.1, 0.1, 0.1, 0.1, 0.1, 0.1, 0.1, 0.1, 0.1, 0.1, 0.1, 0.1, 0.1, 0.1, 0.1]}