{"log_episodes": [0, 500, 1000, 1500, 2000, 2500, 3000, 3500, 4000, 4500, 5000, 5500, 6000, 6500, 7000, 7500, 8000, 8500, 9000, 9500, 10000, 10500, 11000, 11500, 12000, 12500, 13000, 13500, 14000, 14500, 15000, 15500, 16000, 16500, 17000, 17500, 18000, 18500, 19000, 19500, 20000, 20500, 21000, 21500, 22000, 22500, 23000, 23500, 24000, 24500, 25000, 25500, 26000, 26500, 27000, 27500, 28000, 28500, 29000, 29500], "win_rate": [0.0, 0.06, 0.146, 0.2, 0.252, 0.338, 0.45, 0.476, 0.562, 0.64, 0.684, 0.748, 0.792, 0.86, 0.9, 0.91, 0.934, 0.938, 0.956, 0.96, 0.96, 0.964, 0.956, 0.96, 0.95, 0.964, 0.976, 0.972, 0.966, 0.974, 0.972, 0.964, 0.966, 0.976, 0.956, 0.968, 0.958, 0.958, 0.952, 0.972, 0.968, 0.96, 0.956, 0.96, 0.974, 0.934, 0.956, 0.946, 0.956, 0.946, 0.962, 0.958, 0.97, 0.968, 0.968, 0.968, 0.962, 0.956, 0.962, 0.952], "epsilon_array": [0.9, 0.8267200000003335, 0.7565900000006527, 0.6890100000009602, 0.6250200000012515, 0.5656000000015219, 0.5114800000017682, 0.45874000000177917, 0.4107800000017312, 0.36695000000168737, 0.3254000000016458, 0.2875100000016079, 0.25175000000157216, 0.220580000001541, 0.19137000000151178, 0.16357000000148397, 0.13706000000145746, 0.11024000000145112, 0.1, 0.1, 0.1, 0.1, 0.1, 0.1, 0.1, 0.1, 0.1, 0.1, 0.1, 0.1, 0.1, 0.1, 0.1, 0.1, 0.1, 0.1, 0.1, 0.1, 0.1, 0.1, 0.1, 0.1, 0.1, 0.1, 0.1, 0.1, 0.1, 0.1, 0.1, 0.1, 0.1, 0.1, 0.1, 0.1, 0.1, 0.1, 0.1, 0.1, 0.1, 0.1]}