{"log_episodes": [0, 500, 1000, 1500, 2000, 2500], "win_rate": [0.0, 0.06, 0.146, 0.2, 0.252, 0.338], "epsilon_array": [0.9, 0.8267200000003335, 0.7565900000006527, 0.6890100000009602, 0.6250200000012515, 0.5656000000015219]}