{"win_rate": 0.0, "episode": 29500, "epsilon": 0.1, "_timestamp": 1694015924.968809, "_runtime": 1765.9794659614563, "_step": 59, "_wandb": {"runtime": 1791}}