{"log_episodes": [0, 500, 1000, 1500, 2000, 2500, 3000, 3500, 4000, 4500, 5000, 5500, 6000, 6500, 7000, 7500, 8000, 8500, 9000, 9500, 10000, 10500, 11000, 11500, 12000, 12500, 13000, 13500, 14000, 14500, 15000, 15500, 16000, 16500, 17000, 17500, 18000, 18500, 19000, 19500, 20000, 20500, 21000, 21500, 22000, 22500, 23000, 23500, 24000, 24500, 25000, 25500, 26000, 26500, 27000, 27500, 28000, 28500, 29000, 29500], "win_rate": [0.0, 0.002, 0.0, 0.0, 0.002, 0.0, 0.004, 0.002, 0.0, 0.002, 0.0, 0.0, 0.0, 0.0, 0.002, 0.002, 0.0, 0.0, 0.0, 0.0, 0.0, 0.002, 0.004, 0.0, 0.002, 0.002, 0.002, 0.0, 0.0, 0.0, 0.0, 0.0, 0.0, 0.002, 0.002, 0.0, 0.0, 0.0, 0.0, 0.002, 0.0, 0.0, 0.002, 0.002, 0.0, 0.002, 0.0, 0.004, 0.004, 0.0, 0.0, 0.0, 0.0, 0.0, 0.002, 0.002, 0.0, 0.0, 0.004, 0.0], "epsilon_array": [0.9, 0.8399300000002734, 0.7749300000005692, 0.709930000000865, 0.6450100000011605, 0.5800100000014563, 0.5151700000017514, 0.45021000000177064, 0.38521000000170563, 0.32023000000164065, 0.25523000000157564, 0.19023000000151064, 0.12523000000144563, 0.1, 0.1, 0.1, 0.1, 0.1, 0.1, 0.1, 0.1, 0.1, 0.1, 0.1, 0.1, 0.1, 0.1, 0.1, 0.1, 0.1, 0.1, 0.1, 0.1, 0.1, 0.1, 0.1, 0.1, 0.1, 0.1, 0.1, 0.1, 0.1, 0.1, 0.1, 0.1, 0.1, 0.1, 0.1, 0.1, 0.1, 0.1, 0.1, 0.1, 0.1, 0.1, 0.1, 0.1, 0.1, 0.1, 0.1]}