{"log_episodes": [0, 500, 1000, 1500, 2000, 2500, 3000, 3500, 4000, 4500, 5000, 5500, 6000, 6500, 7000, 7500, 8000, 8500, 9000, 9500, 10000, 10500, 11000, 11500, 12000, 12500, 13000, 13500, 14000, 14500, 15000, 15500, 16000, 16500, 17000, 17500, 18000, 18500, 19000, 19500, 20000, 20500, 21000, 21500, 22000, 22500, 23000, 23500, 24000, 24500, 25000, 25500, 26000, 26500, 27000, 27500, 28000, 28500, 29000, 29500], "win_rate": [0.0, 0.032, 0.09, 0.178, 0.362, 0.496, 0.63, 0.714, 0.848, 0.926, 0.932, 0.954, 0.97, 0.984, 0.974, 0.978, 0.984, 0.98, 0.972, 0.976, 0.978, 0.976, 0.966, 0.984, 0.974, 0.97, 0.984, 0.98, 0.974, 0.98, 0.988, 0.98, 0.988, 0.968, 0.976, 0.98, 0.982, 0.986, 0.97, 0.974, 0.98, 0.974, 0.974, 0.98, 0.976, 0.98, 0.986, 0.984, 0.98, 0.982, 0.976, 0.976, 0.978, 0.976, 0.974, 0.972, 0.984, 0.986, 0.972, 0.986], "epsilon_array": [0.9, 0.78574000000052, 0.6744300000010266, 0.5697800000015029, 0.47962000000180005, 0.39971000000172013, 0.33042000000165084, 0.26914000000158955, 0.2189800000015394, 0.17608000000149648, 0.13528000000145568, 0.1, 0.1, 0.1, 0.1, 0.1, 0.1, 0.1, 0.1, 0.1, 0.1, 0.1, 0.1, 0.1, 0.1, 0.1, 0.1, 0.1, 0.1, 0.1, 0.1, 0.1, 0.1, 0.1, 0.1, 0.1, 0.1, 0.1, 0.1, 0.1, 0.1, 0.1, 0.1, 0.1, 0.1, 0.1, 0.1, 0.1, 0.1, 0.1, 0.1, 0.1, 0.1, 0.1, 0.1, 0.1, 0.1, 0.1, 0.1, 0.1]}