{"win_rate": 0.95, "episode": 29500, "epsilon": 0.1, "_timestamp": 1694020680.7997873, "_runtime": 325.72989320755005, "_step": 59, "_wandb": {"runtime": 328}}