{"log_episodes": [0, 500, 1000, 1500], "win_rate": [0.0, 0.028, 0.016, 0.016], "epsilon_array": [0.9, 0.8270300000003321, 0.7509200000006785, 0.6748800000010245]}