{"win_rate": 0.96, "episode": 29500, "epsilon": 0.1, "_timestamp": 1694184700.285063, "_runtime": 506.8979449272156, "_step": 59, "_wandb": {"runtime": 515}}