{"return": 1.0, "_timestamp": 1693676861.971903, "_runtime": 457.8895421028137, "_step": 499, "_wandb": {"runtime": 456}}