{"win_rate": 0.0, "episode": 29500, "_timestamp": 1694008302.5228791, "_runtime": 267.93101620674133, "_step": 59, "_wandb": {"runtime": 270}}