{"log_episodes": [0, 500, 1000, 1500, 2000, 2500, 3000, 3500, 4000, 4500, 5000, 5500, 6000, 6500, 7000, 7500, 8000, 8500, 9000, 9500, 10000, 10500, 11000, 11500, 12000, 12500, 13000, 13500, 14000, 14500, 15000, 15500, 16000, 16500, 17000, 17500, 18000, 18500, 19000, 19500, 20000, 20500, 21000, 21500, 22000, 22500, 23000, 23500, 24000, 24500, 25000, 25500, 26000, 26500, 27000, 27500, 28000, 28500, 29000, 29500], "win_rate": [0.002, 0.108, 0.162, 0.192, 0.184, 0.244, 0.278, 0.25, 0.326, 0.354, 0.37, 0.416, 0.468, 0.486, 0.474, 0.502, 0.592, 0.592, 0.602, 0.606, 0.652, 0.67, 0.762, 0.728, 0.8, 0.74, 0.782, 0.804, 0.842, 0.858, 0.888, 0.912, 0.904, 0.892, 0.932, 0.936, 0.966, 0.962, 0.964, 0.95, 0.958, 0.944, 0.95, 0.974, 0.95, 0.958, 0.954, 0.97, 0.952, 0.974, 0.952, 0.944, 0.938, 0.966, 0.936, 0.968, 0.94, 0.956, 0.964, 0.936], "epsilon_array": [0.9, 0.8761900000001084, 0.8480300000002365, 0.820470000000362, 0.792770000000488, 0.7656000000006117, 0.7387800000007337, 0.7115200000008578, 0.685100000000978, 0.6592100000010959, 0.6335900000012125, 0.6086700000013259, 0.5843400000014366, 0.5601800000015466, 0.5354400000016591, 0.5112100000017694, 0.4881700000018086, 0.46491000000178534, 0.4418900000017623, 0.41954000000173997, 0.3972600000017177, 0.37573000000169615, 0.35512000000167554, 0.33371000000165413, 0.31362000000163404, 0.29282000000161323, 0.27233000000159274, 0.2531000000015735, 0.2332000000015536, 0.21386000000153427, 0.19547000000151588, 0.17678000000149718, 0.15888000000147928, 0.14078000000146118, 0.12326000000144607, 0.10606000000145274, 0.1, 0.1, 0.1, 0.1, 0.1, 0.1, 0.1, 0.1, 0.1, 0.1, 0.1, 0.1, 0.1, 0.1, 0.1, 0.1, 0.1, 0.1, 0.1, 0.1, 0.1, 0.1, 0.1, 0.1]}