{"log_episodes": [0, 500, 1000, 1500, 2000, 2500, 3000, 3500, 4000, 4500, 5000, 5500, 6000, 6500, 7000, 7500, 8000, 8500, 9000, 9500], "win_rate": [0.002, 0.998, 0.996, 0.986, 0.984, 0.974, 0.95, 0.862, 0.818, 0.764, 0.776, 0.756, 0.766, 0.742, 0.752, 0.762, 0.714, 0.778, 0.728, 0.726], "epsilon_array": [0.9, 0.8136200000003931, 0.7217900000008111, 0.6179900000012835, 0.509320000001778, 0.3962600000017167, 0.25724000000157765, 0.1, 0.1, 0.1, 0.1, 0.1, 0.1, 0.1, 0.1, 0.1, 0.1, 0.1, 0.1, 0.1]}