{"log_episodes": [0, 500, 1000, 1500, 2000, 2500, 3000, 3500, 4000, 4500, 5000, 5500, 6000, 6500, 7000, 7500, 8000, 8500, 9000, 9500, 10000, 10500, 11000, 11500, 12000, 12500, 13000, 13500, 14000, 14500, 15000, 15500, 16000, 16500, 17000, 17500, 18000, 18500, 19000, 19500, 20000, 20500, 21000, 21500, 22000, 22500, 23000, 23500, 24000, 24500, 25000, 25500, 26000, 26500, 27000, 27500, 28000, 28500, 29000, 29500], "win_rate": [0.0, 0.178, 0.192, 0.15, 0.156, 0.208, 0.144, 0.162, 0.142, 0.124, 0.126, 0.132, 0.31, 0.652, 0.632, 0.636, 0.674, 0.72, 0.73, 0.774, 0.774, 0.772, 0.796, 0.816, 0.824, 0.828, 0.874, 0.85, 0.82, 0.852, 0.88, 0.888, 0.918, 0.918, 0.898, 0.918, 0.948, 0.938, 0.952, 0.948, 0.942, 0.962, 0.954, 0.954, 0.958, 0.958, 0.948, 0.95, 0.95, 0.944, 0.948, 0.942, 0.932, 0.946, 0.962, 0.936, 0.964, 0.952, 0.938, 0.942], "epsilon_array": [0.9, 0.8683400000001441, 0.8360500000002911, 0.8025200000004437, 0.7693100000005948, 0.7374700000007397, 0.7044100000008902, 0.6717400000010388, 0.638310000001191, 0.6045400000013447, 0.5710200000014972, 0.5375300000016496, 0.508230000001783, 0.487570000001808, 0.46624000000178667, 0.44524000000176567, 0.42512000000174555, 0.40632000000172674, 0.38771000000170813, 0.3700700000016905, 0.35275000000167317, 0.33544000000165586, 0.3186700000016391, 0.30242000000162284, 0.286600000001607, 0.2703000000015907, 0.25553000000157594, 0.24046000000156087, 0.2244000000015448, 0.20923000000152964, 0.1946900000015151, 0.18037000000150077, 0.16693000000148733, 0.1537000000014741, 0.1398900000014603, 0.1267100000014471, 0.11427000000144956, 0.10174000000145442, 0.1, 0.1, 0.1, 0.1, 0.1, 0.1, 0.1, 0.1, 0.1, 0.1, 0.1, 0.1, 0.1, 0.1, 0.1, 0.1, 0.1, 0.1, 0.1, 0.1, 0.1, 0.1]}