{"log_episodes": [0, 500, 1000, 1500, 2000, 2500, 3000, 3500, 4000, 4500, 5000, 5500, 6000, 6500, 7000, 7500, 8000, 8500, 9000, 9500, 10000, 10500, 11000, 11500, 12000, 12500, 13000, 13500, 14000, 14500, 15000, 15500, 16000, 16500, 17000, 17500, 18000, 18500, 19000, 19500, 20000, 20500, 21000, 21500, 22000, 22500, 23000, 23500, 24000, 24500, 25000, 25500, 26000, 26500, 27000, 27500, 28000, 28500, 29000, 29500], "win_rate": [0.0, 0.21, 0.2, 0.188, 0.224, 0.228, 0.212, 0.2, 0.202, 0.218, 0.202, 0.22, 0.206, 0.232, 0.222, 0.178, 0.196, 0.222, 0.174, 0.226, 0.194, 0.202, 0.222, 0.164, 0.198, 0.15, 0.22, 0.218, 0.194, 0.212, 0.186, 0.214, 0.17, 0.182, 0.158, 0.16, 0.19, 0.17, 0.206, 0.16, 0.17, 0.182, 0.182, 0.168, 0.176, 0.18, 0.186, 0.182, 0.166, 0.162, 0.154, 0.152, 0.142, 0.146, 0.154, 0.148, 0.188, 0.162, 0.128, 0.164], "epsilon_array": [0.9, 0.88682000000006, 0.8686100000001429, 0.850130000000227, 0.8319900000003095, 0.8137300000003926, 0.795410000000476, 0.7770900000005594, 0.7588100000006426, 0.7405900000007255, 0.722250000000809, 0.7041500000008913, 0.6858900000009744, 0.6680800000010555, 0.6498800000011383, 0.6314700000012221, 0.6134100000013043, 0.595230000001387, 0.576790000001471, 0.5586400000015536, 0.5405900000016357, 0.522280000001719, 0.5040800000018019, 0.4853700000018058, 0.46690000000178733, 0.44814000000176857, 0.4300000000017504, 0.41174000000173216, 0.39342000000171384, 0.37544000000169586, 0.35705000000167747, 0.33912000000165954, 0.32072000000164114, 0.3025000000016229, 0.2839000000016043, 0.2654700000015859, 0.24732000000156773, 0.22907000000154948, 0.2109900000015314, 0.19268000000151309, 0.1745100000014949, 0.1564100000014768, 0.13817000000145857, 0.11967000000144747, 0.10140000000145455, 0.1, 0.1, 0.1, 0.1, 0.1, 0.1, 0.1, 0.1, 0.1, 0.1, 0.1, 0.1, 0.1, 0.1, 0.1]}