{"log_episodes": [0, 500, 1000, 1500, 2000, 2500, 3000, 3500, 4000, 4500, 5000, 5500, 6000, 6500, 7000, 7500, 8000, 8500, 9000, 9500, 10000, 10500, 11000, 11500, 12000, 12500, 13000, 13500, 14000, 14500, 15000, 15500, 16000, 16500, 17000, 17500, 18000, 18500, 19000, 19500, 20000, 20500, 21000, 21500, 22000, 22500, 23000, 23500, 24000, 24500, 25000, 25500, 26000, 26500, 27000, 27500, 28000, 28500, 29000, 29500], "win_rate": [0.0, 0.212, 0.228, 0.2, 0.244, 0.202, 0.212, 0.216, 0.198, 0.22, 0.21, 0.208, 0.216, 0.226, 0.22, 0.212, 0.182, 0.206, 0.212, 0.218, 0.206, 0.204, 0.196, 0.152, 0.196, 0.192, 0.194, 0.206, 0.186, 0.21, 0.21, 0.182, 0.182, 0.19, 0.168, 0.156, 0.216, 0.182, 0.164, 0.228, 0.196, 0.164, 0.162, 0.164, 0.19, 0.17, 0.162, 0.142, 0.176, 0.168, 0.18, 0.182, 0.2, 0.212, 0.226, 0.196, 0.182, 0.208, 0.182, 0.158], "epsilon_array": [0.9, 0.8869100000000596, 0.8689400000001414, 0.8504600000002255, 0.8325200000003071, 0.8140200000003913, 0.7957800000004743, 0.7774600000005577, 0.7592100000006408, 0.7408500000007243, 0.722460000000808, 0.704220000000891, 0.685980000000974, 0.6678100000010567, 0.6495600000011398, 0.631490000001222, 0.6133500000013046, 0.5949500000013883, 0.5766500000014716, 0.5584100000015546, 0.5401500000016377, 0.521840000001721, 0.5035800000018041, 0.4847600000018052, 0.466580000001787, 0.4483600000017688, 0.4300000000017504, 0.4118800000017323, 0.393590000001714, 0.37542000000169584, 0.3572700000016777, 0.33902000000165944, 0.3206900000016411, 0.30245000000162287, 0.28385000000160426, 0.26525000000158566, 0.2472000000015676, 0.22881000000154922, 0.2103900000015308, 0.19266000000151307, 0.1744100000014948, 0.15602000000147642, 0.1377000000014581, 0.11924000000144763, 0.10106000000145468, 0.1, 0.1, 0.1, 0.1, 0.1, 0.1, 0.1, 0.1, 0.1, 0.1, 0.1, 0.1, 0.1, 0.1, 0.1]}