{"win_rate": 0.0, "episode": 8000, "_timestamp": 1693752136.7441075, "_runtime": 3264.802398443222, "_step": 16}