{"log_episodes": [0, 500, 1000, 1500, 2000, 2500, 3000, 3500, 4000, 4500, 5000, 5500, 6000, 6500, 7000, 7500, 8000, 8500, 9000, 9500, 10000, 10500, 11000, 11500, 12000, 12500, 13000, 13500, 14000, 14500, 15000, 15500, 16000, 16500, 17000, 17500, 18000, 18500, 19000, 19500, 20000, 20500, 21000, 21500, 22000, 22500, 23000, 23500, 24000, 24500, 25000, 25500, 26000, 26500, 27000, 27500, 28000, 28500, 29000, 29500], "win_rate": [0.0, 0.272, 0.324, 0.262, 0.33, 0.356, 0.424, 0.404, 0.368, 0.412, 0.418, 0.446, 0.458, 0.51, 0.46, 0.48, 0.548, 0.56, 0.52, 0.586, 0.556, 0.616, 0.616, 0.608, 0.606, 0.66, 0.616, 0.672, 0.712, 0.678, 0.68, 0.734, 0.704, 0.716, 0.752, 0.768, 0.768, 0.768, 0.77, 0.806, 0.818, 0.834, 0.852, 0.824, 0.848, 0.866, 0.848, 0.868, 0.896, 0.9, 0.922, 0.898, 0.92, 0.938, 0.926, 0.942, 0.934, 0.958, 0.946, 0.936], "epsilon_array": [0.9, 0.8870600000000589, 0.8697800000001376, 0.8518300000002192, 0.8346900000002972, 0.8176300000003749, 0.8010300000004504, 0.7844900000005257, 0.767500000000603, 0.750810000000679, 0.734330000000754, 0.718080000000828, 0.7016700000009026, 0.685550000000976, 0.6691900000010504, 0.6530000000011241, 0.6371800000011961, 0.6217500000012663, 0.6060500000013378, 0.5911000000014058, 0.5758000000014755, 0.5607900000015438, 0.5460000000016111, 0.5309700000016795, 0.5158800000017482, 0.5013900000018141, 0.48624000000180667, 0.4716900000017921, 0.4571700000017776, 0.44244000000176287, 0.42801000000174844, 0.41424000000173467, 0.4000800000017205, 0.3862600000017067, 0.3725000000016929, 0.35893000000167935, 0.34534000000166576, 0.33204000000165246, 0.3181000000016385, 0.3047700000016252, 0.291570000001612, 0.2783700000015988, 0.26553000000158594, 0.25285000000157326, 0.24032000000156073, 0.22796000000154837, 0.2152000000015356, 0.202590000001523, 0.1901000000015105, 0.17822000000149862, 0.16643000000148683, 0.1547000000014751, 0.14296000000146336, 0.13118000000145158, 0.11946000000144755, 0.10814000000145194, 0.1, 0.1, 0.1, 0.1]}