{"win_rate": 0.018, "episode": 12000, "_timestamp": 1694022208.2850368, "_runtime": 321.03015971183777, "_step": 24}