{"win_rate": 0.02, "episode": 29500, "_timestamp": 1694022674.6294217, "_runtime": 787.3745446205139, "_step": 59, "_wandb": {"runtime": 797}}