{"log_episodes": [0, 500, 1000, 1500, 2000, 2500, 3000, 3500, 4000, 4500, 5000], "win_rate": [0.0, 0.028, 0.016, 0.016, 0.014, 0.004, 0.008, 0.002, 0.0, 0.004, 0.0], "epsilon_array": [0.9, 0.8254500000003393, 0.7495800000006846, 0.6738800000010291, 0.5993300000013684, 0.5249600000017068, 0.4513800000017718, 0.3788700000016993, 0.3073100000016277, 0.2389900000015594, 0.17415000000149455]}