{"win_rate": 0.0, "episode": 29500, "epsilon": 0.1, "_timestamp": 1694008296.9914868, "_runtime": 250.97716188430786, "_step": 59, "_wandb": {"runtime": 250}}