{"log_episodes": [0, 500, 1000, 1500, 2000, 2500, 3000, 3500, 4000, 4500, 5000, 5500, 6000, 6500, 7000, 7500, 8000, 8500, 9000, 9500, 10000, 10500, 11000, 11500, 12000, 12500, 13000, 13500, 14000, 14500, 15000, 15500, 16000, 16500, 17000, 17500, 18000, 18500, 19000, 19500, 20000, 20500, 21000, 21500, 22000, 22500, 23000, 23500, 24000, 24500, 25000, 25500, 26000, 26500, 27000, 27500, 28000, 28500, 29000, 29500], "win_rate": [0.0, 0.034, 0.028, 0.018, 0.018, 0.018, 0.036, 0.012, 0.036, 0.02, 0.028, 0.022, 0.022, 0.028, 0.024, 0.024, 0.024, 0.014, 0.02, 0.018, 0.032, 0.024, 0.022, 0.01, 0.022, 0.008, 0.026, 0.016, 0.016, 0.014, 0.01, 0.016, 0.022, 0.016, 0.018, 0.028, 0.012, 0.018, 0.02, 0.014, 0.012, 0.022, 0.014, 0.016, 0.014, 0.016, 0.02, 0.016, 0.012, 0.02, 0.006, 0.018, 0.018, 0.02, 0.022, 0.014, 0.018, 0.016, 0.022, 0.012], "epsilon_array": [0.9, 0.8654800000001571, 0.825960000000337, 0.7862300000005178, 0.7466100000006981, 0.7068300000008791, 0.6673400000010589, 0.6275900000012398, 0.588210000001419, 0.5485600000015994, 0.5090400000017793, 0.46958000000179, 0.4300700000017505, 0.39071000000171113, 0.3512700000016717, 0.3116900000016321, 0.2721100000015925, 0.2323000000015527, 0.1927900000015132, 0.1532100000014736, 0.11388000000144971, 0.1, 0.1, 0.1, 0.1, 0.1, 0.1, 0.1, 0.1, 0.1, 0.1, 0.1, 0.1, 0.1, 0.1, 0.1, 0.1, 0.1, 0.1, 0.1, 0.1, 0.1, 0.1, 0.1, 0.1, 0.1, 0.1, 0.1, 0.1, 0.1, 0.1, 0.1, 0.1, 0.1, 0.1, 0.1, 0.1, 0.1, 0.1, 0.1]}