{"win_rate": 0.0, "episode": 1500, "epsilon": 0.6748800000010245, "_timestamp": 1693936028.3899553, "_runtime": 54.69352316856384, "_step": 3, "_wandb": {"runtime": 59}}