{"log_episodes": [0, 500, 1000, 1500, 2000, 2500, 3000, 3500, 4000, 4500, 5000, 5500, 6000, 6500, 7000, 7500, 8000, 8500, 9000, 9500, 10000, 10500, 11000, 11500, 12000, 12500, 13000, 13500, 14000, 14500, 15000, 15500, 16000, 16500, 17000, 17500, 18000, 18500, 19000, 19500, 20000, 20500, 21000, 21500, 22000, 22500, 23000, 23500, 24000, 24500, 25000, 25500, 26000, 26500, 27000, 27500, 28000, 28500, 29000, 29500], "win_rate": [0.0, 0.32, 0.334, 0.326, 0.384, 0.434, 0.404, 0.472, 0.44, 0.472, 0.512, 0.52, 0.508, 0.602, 0.584, 0.588, 0.638, 0.628, 0.668, 0.716, 0.72, 0.73, 0.736, 0.74, 0.77, 0.786, 0.778, 0.79, 0.798, 0.84, 0.854, 0.84, 0.886, 0.878, 0.86, 0.87, 0.898, 0.918, 0.934, 0.942, 0.916, 0.948, 0.956, 0.946, 0.962, 0.96, 0.946, 0.954, 0.952, 0.95, 0.952, 0.95, 0.94, 0.95, 0.964, 0.944, 0.956, 0.958, 0.95, 0.942], "epsilon_array": [0.9, 0.8718500000001281, 0.8432100000002585, 0.8141700000003906, 0.7868800000005148, 0.7609900000006327, 0.7341700000007547, 0.7091200000008687, 0.6831100000009871, 0.6579500000011016, 0.6335800000012125, 0.6095400000013219, 0.5852600000014324, 0.5633000000015324, 0.5408200000016347, 0.5187200000017352, 0.4978500000018183, 0.4763900000017968, 0.45624000000177667, 0.43711000000175754, 0.4183900000017388, 0.39960000000172, 0.38121000000170163, 0.3632900000016837, 0.34565000000166607, 0.32823000000164865, 0.3107800000016312, 0.29404000000161445, 0.2773900000015978, 0.26193000000158234, 0.24632000000156673, 0.2307900000015512, 0.2163000000015367, 0.20173000000152214, 0.18683000000150723, 0.1722900000014927, 0.15878000000147918, 0.1452100000014656, 0.13267000000145307, 0.12019000000144726, 0.10688000000145242, 0.1, 0.1, 0.1, 0.1, 0.1, 0.1, 0.1, 0.1, 0.1, 0.1, 0.1, 0.1, 0.1, 0.1, 0.1, 0.1, 0.1, 0.1, 0.1]}