{"win_rate": 0.01, "episode": 8000, "epsilon": 0.26552000000158593, "_timestamp": 1694022206.1412292, "_runtime": 307.0250082015991, "_step": 16}