{"win_rate": 0.006, "episode": 29500, "epsilon": 0.1, "_timestamp": 1694023136.1879616, "_runtime": 1237.0717406272888, "_step": 59, "_wandb": {"runtime": 1251}}