{"log_episodes": [0, 500, 1000, 1500, 2000, 2500, 3000, 3500, 4000, 4500, 5000, 5500, 6000, 6500, 7000, 7500, 8000, 8500, 9000, 9500, 10000, 10500, 11000, 11500, 12000, 12500, 13000, 13500, 14000, 14500, 15000, 15500, 16000, 16500, 17000, 17500, 18000, 18500, 19000, 19500, 20000, 20500, 21000, 21500, 22000, 22500, 23000, 23500, 24000, 24500, 25000, 25500, 26000, 26500, 27000, 27500, 28000, 28500, 29000, 29500], "win_rate": [0.0, 0.0, 0.0, 0.0, 0.0, 0.0, 0.0, 0.0, 0.0, 0.0, 0.0, 0.0, 0.0, 0.0, 0.0, 0.0, 0.0, 0.0, 0.0, 0.0, 0.0, 0.0, 0.0, 0.0, 0.0, 0.0, 0.0, 0.0, 0.0, 0.0, 0.0, 0.0, 0.0, 0.0, 0.0, 0.0, 0.0, 0.0, 0.0, 0.0, 0.0, 0.0, 0.0, 0.0, 0.0, 0.0, 0.0, 0.0, 0.0, 0.0, 0.0, 0.0, 0.0, 0.0, 0.0, 0.0, 0.0, 0.0, 0.0, 0.0], "epsilon_array": [0.9, 0.8751279999992848, 0.8501759999985673, 0.8252359999978501, 0.8003359999971341, 0.7754819999964194, 0.7505739999957032, 0.7257099999949882, 0.700839999994273, 0.6759999999935588, 0.651249999992847, 0.6264759999921347, 0.601725999991423, 0.5770539999907135, 0.5523839999900041, 0.5277359999892953, 0.5031639999885887, 0.4786579999890688, 0.45430999998972027, 0.4299099999903731, 0.40573399999101994, 0.38149599999166844, 0.357479999992311, 0.33362599999294923, 0.30987999999358457, 0.28613999999421974, 0.2627999999948442, 0.23989599999517655, 0.21699199999515364, 0.19458999999513124, 0.17211999999510877, 0.14990399999508655, 0.12823999999506489, 0.10729199999504394, 0.1, 0.1, 0.1, 0.1, 0.1, 0.1, 0.1, 0.1, 0.1, 0.1, 0.1, 0.1, 0.1, 0.1, 0.1, 0.1, 0.1, 0.1, 0.1, 0.1, 0.1, 0.1, 0.1, 0.1, 0.1, 0.1]}