{"win_rate": 0.964, "episode": 29500, "epsilon": 0.1, "_timestamp": 1694014398.3059824, "_runtime": 372.3173213005066, "_step": 59, "_wandb": {"runtime": 374}}