{"win_rate": 0.994, "episode": 29500, "epsilon": 0.1, "_timestamp": 1694187399.8569608, "_runtime": 1006.8499398231506, "_step": 59, "_wandb": {"runtime": 1020}}