{"log_episodes": [0, 500, 1000, 1500, 2000, 2500, 3000, 3500, 4000, 4500, 5000, 5500, 6000, 6500, 7000, 7500, 8000, 8500, 9000, 9500, 10000, 10500, 11000, 11500, 12000, 12500, 13000, 13500, 14000, 14500, 15000, 15500, 16000, 16500, 17000, 17500, 18000, 18500, 19000, 19500, 20000, 20500, 21000, 21500, 22000, 22500, 23000, 23500, 24000, 24500, 25000, 25500, 26000, 26500, 27000, 27500, 28000, 28500, 29000, 29500], "win_rate": [0.0, 0.002, 0.088, 0.238, 0.434, 0.634, 0.802, 0.91, 0.954, 0.98, 0.99, 0.982, 0.988, 0.984, 0.986, 0.986, 0.994, 0.982, 0.982, 0.99, 0.974, 0.986, 0.98, 0.99, 0.976, 0.974, 0.986, 0.986, 0.988, 0.978, 0.984, 0.982, 0.99, 0.988, 0.984, 0.986, 0.984, 0.988, 0.994, 0.982, 0.988, 0.984, 0.984, 0.982, 0.99, 0.98, 0.986, 0.984, 0.99, 0.986, 0.974, 0.986, 0.986, 0.986, 0.988, 0.99, 0.982, 0.986, 0.984, 0.976], "epsilon_array": [0.9, 0.7525400000006711, 0.612590000001308, 0.48742000000180785, 0.3810700000017015, 0.2947700000016152, 0.22574000000154615, 0.1689900000014894, 0.11971000000144745, 0.1, 0.1, 0.1, 0.1, 0.1, 0.1, 0.1, 0.1, 0.1, 0.1, 0.1, 0.1, 0.1, 0.1, 0.1, 0.1, 0.1, 0.1, 0.1, 0.1, 0.1, 0.1, 0.1, 0.1, 0.1, 0.1, 0.1, 0.1, 0.1, 0.1, 0.1, 0.1, 0.1, 0.1, 0.1, 0.1, 0.1, 0.1, 0.1, 0.1, 0.1, 0.1, 0.1, 0.1, 0.1, 0.1, 0.1, 0.1, 0.1, 0.1, 0.1]}