{"win_rate": 0.0, "episode": 29500, "epsilon": 0.1, "_timestamp": 1694015858.5615664, "_runtime": 1707.5283262729645, "_step": 59, "_wandb": {"runtime": 1735}}