{"log_episodes": [0, 500, 1000, 1500, 2000, 2500, 3000, 3500, 4000, 4500, 5000, 5500, 6000, 6500, 7000, 7500, 8000, 8500, 9000, 9500, 10000, 10500, 11000, 11500, 12000, 12500, 13000, 13500, 14000, 14500, 15000, 15500, 16000, 16500, 17000, 17500, 18000, 18500, 19000, 19500, 20000, 20500, 21000, 21500, 22000, 22500, 23000, 23500, 24000, 24500, 25000, 25500, 26000, 26500, 27000, 27500, 28000, 28500, 29000, 29500], "win_rate": [0.0, 0.334, 0.292, 0.302, 0.34, 0.348, 0.304, 0.346, 0.284, 0.354, 0.314, 0.342, 0.338, 0.346, 0.314, 0.316, 0.344, 0.308, 0.332, 0.32, 0.324, 0.306, 0.31, 0.336, 0.314, 0.336, 0.32, 0.362, 0.278, 0.292, 0.322, 0.324, 0.346, 0.288, 0.28, 0.306, 0.304, 0.316, 0.318, 0.33, 0.288, 0.314, 0.316, 0.308, 0.326, 0.29, 0.312, 0.344, 0.306, 0.32, 0.25, 0.284, 0.32, 0.334, 0.304, 0.32, 0.31, 0.256, 0.298, 0.29], "epsilon_array": [0.9, 0.891870000000037, 0.8785000000000979, 0.8654700000001572, 0.8523900000002167, 0.8394100000002758, 0.8261400000003362, 0.8131900000003951, 0.7998200000004559, 0.7866600000005158, 0.7735100000005757, 0.7603600000006355, 0.7472400000006952, 0.7340200000007554, 0.7206500000008162, 0.7075500000008759, 0.6946000000009348, 0.6814400000009947, 0.6685000000010536, 0.6553800000011133, 0.6421000000011737, 0.6288100000012342, 0.6155500000012946, 0.602480000001354, 0.589300000001414, 0.5762400000014735, 0.5630400000015335, 0.5500100000015928, 0.5365200000016542, 0.523160000001715, 0.5100500000017747, 0.4969600000018174, 0.48412000000180455, 0.47080000000179123, 0.4574900000017779, 0.44451000000176494, 0.43132000000175175, 0.4183700000017388, 0.4052700000017257, 0.3920800000017125, 0.37885000000169927, 0.36564000000168606, 0.3524800000016729, 0.33935000000165977, 0.32632000000164674, 0.3129700000016334, 0.2998900000016203, 0.28704000000160745, 0.2740100000015944, 0.26105000000158146, 0.24756000000156797, 0.2342900000015547, 0.22124000000154165, 0.20832000000152873, 0.19525000000151566, 0.18241000000150281, 0.1693900000014898, 0.1559100000014763, 0.14296000000146336, 0.12966000000145006]}