{"win_rate": 0.002, "episode": 29500, "epsilon": 0.1, "_timestamp": 1694023614.2494712, "_runtime": 1623.7364711761475, "_step": 59, "_wandb": {"runtime": 1641}}