{"win_rate": 0.004, "episode": 2500, "epsilon": 0.5237000000017126, "_timestamp": 1694022187.4869661, "_runtime": 196.97396612167358, "_step": 5}