{"log_episodes": [0, 500, 1000, 1500, 2000, 2500, 3000, 3500, 4000, 4500, 5000, 5500, 6000, 6500, 7000, 7500, 8000, 8500, 9000, 9500, 10000, 10500], "win_rate": [0.0, 0.024, 0.046, 0.03, 0.02, 0.028, 0.02, 0.026, 0.028, 0.034, 0.036, 0.018, 0.02, 0.02, 0.032, 0.034, 0.01, 0.028, 0.022, 0.022, 0.014, 0.024], "epsilon_array": [0.9, 0.8653500000001577, 0.8261300000003362, 0.7865300000005164, 0.746860000000697, 0.7072700000008771, 0.667750000001057, 0.6281300000012373, 0.5887700000014164, 0.5494900000015952, 0.5101500000017742, 0.470590000001791, 0.4310500000017515, 0.39143000000171185, 0.3519800000016724, 0.3127700000016332, 0.2729600000015934, 0.2334900000015539, 0.19396000000151437, 0.15452000000147492, 0.11481000000144935, 0.1]}