{"log_episodes": [0, 500, 1000, 1500, 2000, 2500, 3000, 3500, 4000, 4500, 5000, 5500, 6000, 6500, 7000, 7500, 8000, 8500, 9000, 9500, 10000, 10500, 11000, 11500, 12000, 12500, 13000, 13500, 14000, 14500, 15000, 15500, 16000, 16500, 17000, 17500, 18000, 18500, 19000, 19500, 20000, 20500, 21000, 21500, 22000, 22500, 23000, 23500, 24000, 24500, 25000, 25500, 26000, 26500, 27000, 27500, 28000, 28500, 29000, 29500], "win_rate": [0.0, 0.0, 0.0, 0.002, 0.0, 0.036, 0.234, 0.368, 0.514, 0.652, 0.764, 0.848, 0.894, 0.96, 0.984, 0.992, 0.976, 0.974, 0.982, 0.968, 0.988, 0.988, 0.978, 0.988, 0.98, 0.98, 0.984, 0.976, 0.974, 0.984, 0.976, 0.984, 0.988, 0.984, 0.99, 0.982, 0.978, 0.976, 0.978, 0.988, 0.988, 0.982, 0.978, 0.982, 0.992, 0.98, 0.98, 0.984, 0.974, 0.98, 0.984, 0.984, 0.982, 0.978, 0.98, 0.986, 0.984, 0.982, 0.988, 0.982], "epsilon_array": [0.9, 0.8348600000002965, 0.764860000000615, 0.6948900000009335, 0.624890000001252, 0.5557700000015666, 0.4904600000018109, 0.4272900000017477, 0.3677800000016882, 0.3130900000016335, 0.26076000000158117, 0.2110900000015315, 0.164590000001485, 0.12082000000144702, 0.1, 0.1, 0.1, 0.1, 0.1, 0.1, 0.1, 0.1, 0.1, 0.1, 0.1, 0.1, 0.1, 0.1, 0.1, 0.1, 0.1, 0.1, 0.1, 0.1, 0.1, 0.1, 0.1, 0.1, 0.1, 0.1, 0.1, 0.1, 0.1, 0.1, 0.1, 0.1, 0.1, 0.1, 0.1, 0.1, 0.1, 0.1, 0.1, 0.1, 0.1, 0.1, 0.1, 0.1, 0.1, 0.1]}