{"win_rate": 0.006, "episode": 29500, "epsilon": 0.1, "_timestamp": 1694185346.035463, "_runtime": 868.8987860679626, "_step": 59, "_wandb": {"runtime": 883}}