{"win_rate": 0.0, "episode": 6500, "epsilon": 0.44544000000176587, "_timestamp": 1693937160.9381182, "_runtime": 106.95846033096313, "_step": 13, "_wandb": {"runtime": 110}}