{"log_episodes": [0, 500, 1000, 1500, 2000, 2500], "win_rate": [0.0, 0.028, 0.016, 0.012, 0.01, 0.004], "epsilon_array": [0.9, 0.8254200000003394, 0.749270000000686, 0.6733700000010314, 0.5981500000013737, 0.5237000000017126]}