{"win_rate": 0.0, "episode": 29500, "epsilon": 0.1, "_timestamp": 1694016046.3113766, "_runtime": 1903.1018044948578, "_step": 59, "_wandb": {"runtime": 1934}}