{"log_episodes": [0, 500, 1000, 1500, 2000, 2500, 3000, 3500, 4000, 4500, 5000, 5500, 6000, 6500, 7000, 7500, 8000, 8500, 9000, 9500, 10000, 10500, 11000, 11500, 12000, 12500, 13000, 13500, 14000, 14500, 15000, 15500, 16000, 16500, 17000, 17500, 18000, 18500, 19000, 19500, 20000, 20500, 21000, 21500, 22000, 22500, 23000, 23500, 24000, 24500, 25000, 25500, 26000, 26500, 27000, 27500, 28000, 28500, 29000, 29500], "win_rate": [0.0, 0.054, 0.082, 0.19, 0.288, 0.414, 0.46, 0.62, 0.678, 0.794, 0.83, 0.886, 0.93, 0.964, 0.958, 0.98, 0.97, 0.966, 0.968, 0.972, 0.984, 0.97, 0.966, 0.97, 0.952, 0.972, 0.964, 0.966, 0.962, 0.962, 0.974, 0.974, 0.962, 0.958, 0.97, 0.968, 0.972, 0.962, 0.97, 0.96, 0.96, 0.966, 0.97, 0.976, 0.972, 0.974, 0.966, 0.96, 0.97, 0.98, 0.96, 0.974, 0.962, 0.968, 0.968, 0.97, 0.974, 0.958, 0.972, 0.98], "epsilon_array": [0.9, 0.8063700000004261, 0.7142000000008456, 0.6289200000012337, 0.5500200000015928, 0.47854000000179897, 0.41063000000173105, 0.3537600000016742, 0.3007800000016212, 0.25565000000157606, 0.21342000000153383, 0.17544000000149584, 0.14142000000146182, 0.11065000000145096, 0.1, 0.1, 0.1, 0.1, 0.1, 0.1, 0.1, 0.1, 0.1, 0.1, 0.1, 0.1, 0.1, 0.1, 0.1, 0.1, 0.1, 0.1, 0.1, 0.1, 0.1, 0.1, 0.1, 0.1, 0.1, 0.1, 0.1, 0.1, 0.1, 0.1, 0.1, 0.1, 0.1, 0.1, 0.1, 0.1, 0.1, 0.1, 0.1, 0.1, 0.1, 0.1, 0.1, 0.1, 0.1, 0.1]}