{"return": 1.0, "_timestamp": 1693681769.966049, "_runtime": 2460.668678045273, "_step": 499, "_wandb": {"runtime": 2458}}