{"log_episodes": [0, 500, 1000, 1500, 2000, 2500, 3000, 3500, 4000, 4500, 5000, 5500, 6000, 6500, 7000, 7500, 8000, 8500, 9000, 9500, 10000, 10500, 11000, 11500, 12000, 12500, 13000, 13500, 14000, 14500, 15000, 15500, 16000, 16500, 17000, 17500, 18000, 18500, 19000, 19500, 20000, 20500, 21000, 21500, 22000, 22500, 23000, 23500, 24000, 24500, 25000, 25500, 26000, 26500, 27000, 27500, 28000, 28500, 29000, 29500], "win_rate": [0.0, 0.03, 0.02, 0.03, 0.02, 0.026, 0.028, 0.032, 0.036, 0.032, 0.024, 0.022, 0.026, 0.022, 0.018, 0.028, 0.018, 0.016, 0.022, 0.018, 0.022, 0.03, 0.018, 0.018, 0.018, 0.01, 0.016, 0.018, 0.02, 0.016, 0.02, 0.006, 0.02, 0.02, 0.014, 0.016, 0.028, 0.02, 0.012, 0.022, 0.012, 0.018, 0.014, 0.02, 0.02, 0.03, 0.008, 0.024, 0.02, 0.018, 0.022, 0.02, 0.018, 0.018, 0.014, 0.02, 0.012, 0.022, 0.026, 0.02], "epsilon_array": [0.9, 0.8655200000001569, 0.8258500000003375, 0.7864300000005169, 0.7468000000006972, 0.7072000000008775, 0.6677000000010572, 0.6284000000012361, 0.5891600000014147, 0.549750000001594, 0.510200000001774, 0.4704900000017909, 0.4308600000017513, 0.39122000000171164, 0.35163000000167205, 0.3120000000016324, 0.2723900000015928, 0.2328000000015532, 0.19327000000151368, 0.1537100000014741, 0.1141700000014496, 0.1, 0.1, 0.1, 0.1, 0.1, 0.1, 0.1, 0.1, 0.1, 0.1, 0.1, 0.1, 0.1, 0.1, 0.1, 0.1, 0.1, 0.1, 0.1, 0.1, 0.1, 0.1, 0.1, 0.1, 0.1, 0.1, 0.1, 0.1, 0.1, 0.1, 0.1, 0.1, 0.1, 0.1, 0.1, 0.1, 0.1, 0.1, 0.1]}