{"log_episodes": [0, 500, 1000, 1500, 2000, 2500, 3000, 3500, 4000, 4500, 5000, 5500, 6000, 6500, 7000, 7500, 8000, 8500, 9000, 9500, 10000, 10500, 11000, 11500, 12000, 12500, 13000, 13500, 14000, 14500, 15000, 15500, 16000, 16500, 17000, 17500, 18000, 18500, 19000, 19500, 20000, 20500, 21000, 21500, 22000, 22500, 23000, 23500, 24000, 24500, 25000, 25500, 26000, 26500, 27000, 27500, 28000, 28500, 29000, 29500], "win_rate": [0.0, 0.032, 0.03, 0.022, 0.026, 0.03, 0.034, 0.016, 0.024, 0.034, 0.02, 0.022, 0.036, 0.026, 0.026, 0.02, 0.018, 0.018, 0.028, 0.026, 0.018, 0.022, 0.014, 0.016, 0.022, 0.02, 0.012, 0.012, 0.024, 0.018, 0.018, 0.022, 0.024, 0.018, 0.02, 0.006, 0.02, 0.018, 0.03, 0.026, 0.02, 0.014, 0.028, 0.022, 0.016, 0.012, 0.006, 0.022, 0.032, 0.028, 0.016, 0.012, 0.036, 0.018, 0.02, 0.022, 0.022, 0.012, 0.028, 0.018], "epsilon_array": [0.9, 0.8655500000001568, 0.8261400000003362, 0.7864300000005169, 0.7468000000006972, 0.7072600000008772, 0.667760000001057, 0.6281600000012372, 0.5885600000014174, 0.5493400000015959, 0.509760000001776, 0.47000000000179043, 0.4308000000017512, 0.3912600000017117, 0.3517000000016721, 0.31212000000163254, 0.2724900000015929, 0.2329000000015533, 0.19342000000151383, 0.15394000000147434, 0.1144400000014495, 0.1, 0.1, 0.1, 0.1, 0.1, 0.1, 0.1, 0.1, 0.1, 0.1, 0.1, 0.1, 0.1, 0.1, 0.1, 0.1, 0.1, 0.1, 0.1, 0.1, 0.1, 0.1, 0.1, 0.1, 0.1, 0.1, 0.1, 0.1, 0.1, 0.1, 0.1, 0.1, 0.1, 0.1, 0.1, 0.1, 0.1, 0.1, 0.1]}