{"win_rate": 0.838, "episode": 10000, "epsilon": 0.23507000000155548, "_timestamp": 1694022213.562979, "_runtime": 291.6982409954071, "_step": 20}