{"win_rate": 0.956, "episode": 29500, "epsilon": 0.1, "_timestamp": 1694022637.3676448, "_runtime": 715.5029067993164, "_step": 59, "_wandb": {"runtime": 724}}