{"log_episodes": [0, 500, 1000, 1500, 2000, 2500, 3000, 3500, 4000, 4500, 5000, 5500, 6000, 6500, 7000, 7500, 8000, 8500, 9000, 9500, 10000, 10500, 11000, 11500, 12000, 12500, 13000, 13500, 14000, 14500, 15000, 15500, 16000, 16500, 17000, 17500, 18000, 18500, 19000, 19500, 20000, 20500, 21000, 21500, 22000, 22500, 23000, 23500, 24000, 24500, 25000, 25500, 26000, 26500, 27000, 27500, 28000, 28500, 29000, 29500], "win_rate": [0.0, 0.198, 0.19, 0.182, 0.176, 0.168, 0.168, 0.184, 0.174, 0.148, 0.156, 0.172, 0.148, 0.142, 0.148, 0.124, 0.192, 0.408, 0.498, 0.578, 0.608, 0.638, 0.62, 0.616, 0.662, 0.664, 0.686, 0.72, 0.706, 0.71, 0.77, 0.69, 0.746, 0.758, 0.76, 0.768, 0.806, 0.808, 0.79, 0.85, 0.842, 0.858, 0.818, 0.858, 0.896, 0.89, 0.88, 0.882, 0.916, 0.92, 0.928, 0.924, 0.936, 0.958, 0.948, 0.944, 0.948, 0.954, 0.944, 0.964], "epsilon_array": [0.9, 0.8822700000000807, 0.8638900000001644, 0.8453400000002488, 0.8266800000003337, 0.8079100000004191, 0.7893900000005034, 0.7709000000005876, 0.7522900000006723, 0.7333600000007584, 0.7145400000008441, 0.6959100000009288, 0.677200000001014, 0.6582500000011002, 0.6393400000011863, 0.6202300000012733, 0.6018500000013569, 0.5850900000014332, 0.569320000001505, 0.554150000001574, 0.5390000000016429, 0.5241600000017105, 0.5090700000017792, 0.49404000000181447, 0.4793700000017998, 0.46483000000178526, 0.45034000000177077, 0.43593000000175636, 0.4214700000017419, 0.4070900000017275, 0.3937700000017142, 0.3794800000016999, 0.365600000001686, 0.35183000000167225, 0.3384000000016588, 0.3247600000016452, 0.311610000001632, 0.2982700000016187, 0.28485000000160526, 0.27192000000159233, 0.2589100000015793, 0.24596000000156637, 0.2331000000015535, 0.22071000000154112, 0.2084000000015288, 0.19662000000151703, 0.1841000000015045, 0.1717000000014921, 0.15960000000148, 0.14792000000146832, 0.1365100000014569, 0.12479000000144548, 0.11314000000145, 0.10182000000145439, 0.1, 0.1, 0.1, 0.1, 0.1, 0.1]}