{"log_episodes": [0, 500, 1000, 1500, 2000, 2500, 3000, 3500, 4000, 4500, 5000, 5500, 6000, 6500, 7000, 7500, 8000, 8500, 9000, 9500, 10000, 10500, 11000, 11500, 12000, 12500, 13000, 13500, 14000, 14500, 15000, 15500, 16000, 16500, 17000, 17500, 18000, 18500, 19000, 19500, 20000, 20500, 21000, 21500, 22000, 22500, 23000, 23500, 24000, 24500, 25000, 25500, 26000, 26500, 27000, 27500, 28000, 28500, 29000, 29500], "win_rate": [0.0, 0.484, 0.468, 0.488, 0.504, 0.542, 0.452, 0.504, 0.508, 0.454, 0.506, 0.488, 0.492, 0.522, 0.514, 0.486, 0.474, 0.514, 0.5, 0.48, 0.496, 0.55, 0.508, 0.46, 0.496, 0.52, 0.49, 0.508, 0.502, 0.538, 0.518, 0.486, 0.494, 0.55, 0.536, 0.53, 0.49, 0.536, 0.476, 0.508, 0.49, 0.504, 0.516, 0.492, 0.462, 0.466, 0.504, 0.53, 0.506, 0.468, 0.536, 0.516, 0.54, 0.518, 0.534, 0.542, 0.49, 0.496, 0.504, 0.556], "epsilon_array": [0.9, 0.8999900000000001, 0.8949900000000228, 0.8899900000000456, 0.8849900000000683, 0.8799900000000911, 0.8749900000001138, 0.8699900000001366, 0.8649900000001594, 0.8599900000001821, 0.8549900000002049, 0.8499900000002276, 0.8449900000002504, 0.8399900000002731, 0.8349900000002959, 0.8299900000003186, 0.8249900000003414, 0.8199900000003641, 0.8149900000003869, 0.8099900000004097, 0.8049900000004324, 0.7999900000004552, 0.7949900000004779, 0.7899900000005007, 0.7849900000005234, 0.7799900000005462, 0.774990000000569, 0.7699900000005917, 0.7649900000006145, 0.7599900000006372, 0.75499000000066, 0.7499900000006827, 0.7449900000007055, 0.7399900000007282, 0.734990000000751, 0.7299900000007737, 0.7249900000007965, 0.7199900000008193, 0.714990000000842, 0.7099900000008648, 0.7049900000008875, 0.6999900000009103, 0.694990000000933, 0.6899900000009558, 0.6849900000009785, 0.6799900000010013, 0.674990000001024, 0.6699900000010468, 0.6649900000010696, 0.6599900000010923, 0.6549900000011151, 0.6499900000011378, 0.6449900000011606, 0.6399900000011833, 0.6349900000012061, 0.6299900000012288, 0.6249900000012516, 0.6199900000012744, 0.6149900000012971, 0.6099900000013199]}