{"log_episodes": [0, 500, 1000, 1500, 2000, 2500, 3000, 3500, 4000, 4500, 5000, 5500, 6000, 6500, 7000, 7500, 8000, 8500, 9000, 9500, 10000, 10500, 11000, 11500, 12000, 12500, 13000, 13500, 14000, 14500, 15000, 15500, 16000, 16500, 17000, 17500, 18000, 18500, 19000, 19500, 20000, 20500, 21000, 21500, 22000, 22500, 23000, 23500, 24000, 24500, 25000, 25500, 26000, 26500, 27000, 27500, 28000, 28500, 29000, 29500], "win_rate": [0.0, 0.142, 0.106, 0.102, 0.098, 0.09, 0.082, 0.07, 0.09, 0.07, 0.048, 0.058, 0.052, 0.032, 0.05, 0.03, 0.016, 0.034, 0.598, 0.862, 0.91, 0.916, 0.93, 0.974, 0.946, 0.94, 0.968, 0.932, 0.944, 0.926, 0.948, 0.95, 0.962, 0.96, 0.958, 0.946, 0.924, 0.95, 0.95, 0.954, 0.94, 0.94, 0.938, 0.958, 0.966, 0.946, 0.95, 0.956, 0.934, 0.958, 0.952, 0.966, 0.954, 0.944, 0.922, 0.952, 0.954, 0.946, 0.958, 0.962], "epsilon_array": [0.6, 0.5687300000001423, 0.5347200000002971, 0.5005500000004526, 0.4665400000004216, 0.4322300000003873, 0.39799000000035306, 0.36368000000031875, 0.3298100000002849, 0.2954500000002505, 0.26068000000021574, 0.22679000000018185, 0.192950000000148, 0.15907000000011412, 0.12582000000008087, 0.1, 0.1, 0.1, 0.1, 0.1, 0.1, 0.1, 0.1, 0.1, 0.1, 0.1, 0.1, 0.1, 0.1, 0.1, 0.1, 0.1, 0.1, 0.1, 0.1, 0.1, 0.1, 0.1, 0.1, 0.1, 0.1, 0.1, 0.1, 0.1, 0.1, 0.1, 0.1, 0.1, 0.1, 0.1, 0.1, 0.1, 0.1, 0.1, 0.1, 0.1, 0.1, 0.1, 0.1, 0.1]}