{"log_episodes": [0, 500, 1000, 1500, 2000, 2500, 3000, 3500, 4000, 4500, 5000, 5500, 6000, 6500, 7000, 7500, 8000], "win_rate": [0.0, 0.026, 0.034, 0.02, 0.016, 0.02, 0.016, 0.022, 0.014, 0.016, 0.012, 0.002, 0.01, 0.004, 0.008, 0.006, 0.01], "epsilon_array": [0.9, 0.8610100000001775, 0.821570000000357, 0.782010000000537, 0.7423600000007174, 0.7027300000008978, 0.6630700000010783, 0.6235500000012582, 0.5838400000014389, 0.5442200000016192, 0.5044800000018, 0.46452000000178495, 0.4246900000017451, 0.3848000000017052, 0.34505000000166547, 0.3051900000016256, 0.26552000000158593]}