{"log_episodes": [0, 500, 1000, 1500, 2000, 2500, 3000, 3500, 4000, 4500, 5000, 5500, 6000, 6500, 7000, 7500, 8000, 8500, 9000, 9500, 10000, 10500, 11000, 11500, 12000, 12500, 13000, 13500, 14000, 14500, 15000, 15500, 16000, 16500, 17000, 17500, 18000, 18500, 19000, 19500, 20000, 20500, 21000, 21500, 22000, 22500, 23000, 23500, 24000, 24500, 25000, 25500, 26000, 26500, 27000, 27500, 28000, 28500, 29000, 29500], "win_rate": [0.0, 0.266, 0.338, 0.32, 0.338, 0.362, 0.364, 0.368, 0.364, 0.422, 0.434, 0.424, 0.432, 0.516, 0.486, 0.53, 0.552, 0.532, 0.562, 0.586, 0.58, 0.632, 0.6, 0.594, 0.606, 0.642, 0.656, 0.63, 0.678, 0.68, 0.698, 0.744, 0.71, 0.72, 0.73, 0.752, 0.758, 0.788, 0.782, 0.802, 0.774, 0.806, 0.84, 0.84, 0.876, 0.874, 0.864, 0.886, 0.876, 0.9, 0.914, 0.922, 0.918, 0.944, 0.948, 0.948, 0.954, 0.954, 0.954, 0.946], "epsilon_array": [0.9, 0.8825900000000793, 0.8652600000001581, 0.8476400000002383, 0.8305100000003163, 0.813430000000394, 0.7962600000004721, 0.7791800000005499, 0.7619800000006282, 0.7457700000007019, 0.7293200000007768, 0.7124400000008536, 0.6959200000009288, 0.679840000001002, 0.6637100000010754, 0.6480200000011468, 0.6326700000012166, 0.6172900000012866, 0.6020100000013562, 0.5869300000014248, 0.5716400000014944, 0.5567400000015622, 0.5415600000016313, 0.5262200000017011, 0.5111200000017698, 0.49643000000181686, 0.48180000000180223, 0.46711000000178754, 0.4524900000017729, 0.43763000000175806, 0.4232900000017437, 0.4098700000017303, 0.395590000001716, 0.3816800000017021, 0.36771000000168813, 0.35421000000167463, 0.3404900000016609, 0.3272800000016477, 0.3138100000016342, 0.3002700000016207, 0.2869100000016073, 0.2734600000015939, 0.26053000000158094, 0.2477800000015682, 0.23545000000155586, 0.2231800000015436, 0.21063000000153104, 0.1981000000015185, 0.18546000000150586, 0.1734100000014938, 0.16152000000148192, 0.14986000000147026, 0.13813000000145853, 0.12637000000144677, 0.11491000000144931, 0.10356000000145371, 0.1, 0.1, 0.1, 0.1]}