{"log_episodes": [0, 500, 1000, 1500, 2000, 2500, 3000, 3500, 4000, 4500, 5000, 5500, 6000, 6500, 7000, 7500, 8000, 8500, 9000, 9500, 10000, 10500, 11000, 11500, 12000, 12500, 13000, 13500, 14000, 14500, 15000, 15500, 16000, 16500, 17000, 17500, 18000, 18500, 19000, 19500, 20000, 20500, 21000, 21500, 22000, 22500, 23000, 23500, 24000, 24500, 25000, 25500, 26000, 26500, 27000, 27500, 28000, 28500, 29000, 29500], "win_rate": [0.0, 0.026, 0.022, 0.04, 0.094, 0.136, 0.196, 0.248, 0.33, 0.366, 0.444, 0.47, 0.536, 0.544, 0.59, 0.636, 0.65, 0.734, 0.756, 0.808, 0.814, 0.85, 0.874, 0.908, 0.956, 0.956, 0.968, 0.964, 0.97, 0.974, 0.964, 0.968, 0.964, 0.966, 0.938, 0.964, 0.966, 0.968, 0.966, 0.95, 0.958, 0.966, 0.942, 0.964, 0.964, 0.97, 0.96, 0.954, 0.966, 0.956, 0.976, 0.968, 0.966, 0.96, 0.972, 0.968, 0.958, 0.968, 0.952, 0.968], "epsilon_array": [0.9, 0.8611400000001769, 0.821570000000357, 0.7820500000005368, 0.7433800000007128, 0.7055700000008849, 0.6683900000010541, 0.6319500000012199, 0.5969500000013792, 0.562500000001536, 0.5289900000016885, 0.49622000000181665, 0.46380000000178423, 0.4322900000017527, 0.40084000000172126, 0.37075000000169117, 0.3403600000016608, 0.3118700000016323, 0.2835000000016039, 0.2560700000015765, 0.22942000000154983, 0.20266000000152307, 0.17741000000149781, 0.1528000000014732, 0.12903000000144943, 0.10537000000145301, 0.1, 0.1, 0.1, 0.1, 0.1, 0.1, 0.1, 0.1, 0.1, 0.1, 0.1, 0.1, 0.1, 0.1, 0.1, 0.1, 0.1, 0.1, 0.1, 0.1, 0.1, 0.1, 0.1, 0.1, 0.1, 0.1, 0.1, 0.1, 0.1, 0.1, 0.1, 0.1, 0.1, 0.1]}