{"log_episodes": [0, 500, 1000, 1500, 2000, 2500, 3000, 3500, 4000, 4500, 5000, 5500, 6000, 6500, 7000, 7500, 8000, 8500, 9000, 9500, 10000, 10500, 11000, 11500, 12000, 12500, 13000, 13500, 14000, 14500, 15000, 15500, 16000, 16500, 17000, 17500, 18000, 18500, 19000, 19500, 20000, 20500, 21000, 21500, 22000, 22500, 23000, 23500, 24000, 24500, 25000, 25500, 26000, 26500, 27000, 27500, 28000, 28500, 29000, 29500], "win_rate": [0.0, 0.0, 0.0, 0.0, 0.0, 0.0, 0.002, 0.0, 0.004, 0.002, 0.002, 0.006, 0.0, 0.002, 0.0, 0.0, 0.0, 0.0, 0.0, 0.0, 0.002, 0.002, 0.0, 0.002, 0.0, 0.002, 0.004, 0.0, 0.004, 0.002, 0.004, 0.0, 0.0, 0.002, 0.002, 0.002, 0.002, 0.002, 0.002, 0.002, 0.004, 0.0, 0.0, 0.0, 0.004, 0.002, 0.002, 0.0, 0.0, 0.0, 0.002, 0.0, 0.0, 0.0, 0.0, 0.004, 0.006, 0.002, 0.0, 0.0], "epsilon_array": [0.9, 0.8405200000002707, 0.7805200000005438, 0.7205200000008168, 0.6605200000010899, 0.600520000001363, 0.5406000000016357, 0.48060000000180103, 0.4207000000017411, 0.36073000000168115, 0.30073000000162114, 0.2408800000015613, 0.18088000000150128, 0.12091000000144699, 0.1, 0.1, 0.1, 0.1, 0.1, 0.1, 0.1, 0.1, 0.1, 0.1, 0.1, 0.1, 0.1, 0.1, 0.1, 0.1, 0.1, 0.1, 0.1, 0.1, 0.1, 0.1, 0.1, 0.1, 0.1, 0.1, 0.1, 0.1, 0.1, 0.1, 0.1, 0.1, 0.1, 0.1, 0.1, 0.1, 0.1, 0.1, 0.1, 0.1, 0.1, 0.1, 0.1, 0.1, 0.1, 0.1]}