{"log_episodes": [0, 500, 1000, 1500, 2000, 2500, 3000, 3500, 4000, 4500, 5000, 5500, 6000, 6500, 7000, 7500, 8000, 8500, 9000, 9500, 10000, 10500, 11000, 11500, 12000, 12500, 13000, 13500, 14000, 14500, 15000, 15500, 16000, 16500, 17000, 17500, 18000, 18500, 19000, 19500, 20000, 20500, 21000, 21500, 22000, 22500, 23000, 23500, 24000, 24500, 25000, 25500, 26000, 26500, 27000, 27500, 28000, 28500, 29000, 29500], "win_rate": [0.0, 0.004, 0.082, 0.24, 0.496, 0.73, 0.852, 0.94, 0.974, 0.98, 0.982, 0.988, 0.984, 0.986, 0.982, 0.982, 0.976, 0.992, 0.982, 0.982, 0.974, 0.992, 0.986, 0.982, 0.982, 0.978, 0.986, 0.978, 0.988, 0.988, 0.996, 0.992, 0.99, 0.992, 0.976, 0.976, 0.994, 0.986, 0.988, 0.982, 0.982, 0.988, 0.98, 0.994, 0.99, 0.986, 0.988, 0.99, 0.982, 0.986, 0.988, 0.994, 0.988, 0.99, 0.976, 0.996, 0.984, 0.976, 0.986, 0.992], "epsilon_array": [0.9, 0.7423700000007174, 0.5925000000013995, 0.4589700000017794, 0.3513600000016718, 0.26863000000158904, 0.20075000000152116, 0.14373000000146413, 0.1, 0.1, 0.1, 0.1, 0.1, 0.1, 0.1, 0.1, 0.1, 0.1, 0.1, 0.1, 0.1, 0.1, 0.1, 0.1, 0.1, 0.1, 0.1, 0.1, 0.1, 0.1, 0.1, 0.1, 0.1, 0.1, 0.1, 0.1, 0.1, 0.1, 0.1, 0.1, 0.1, 0.1, 0.1, 0.1, 0.1, 0.1, 0.1, 0.1, 0.1, 0.1, 0.1, 0.1, 0.1, 0.1, 0.1, 0.1, 0.1, 0.1, 0.1, 0.1]}