{"win_rate": 0.014, "episode": 11500, "_timestamp": 1694022212.4519503, "_runtime": 330.3232583999634, "_step": 23}