{"win_rate": 0.01, "episode": 29500, "_timestamp": 1694022757.6931589, "_runtime": 875.5644669532776, "_step": 59, "_wandb": {"runtime": 885}}