{"log_episodes": [0, 500, 1000, 1500, 2000, 2500, 3000, 3500, 4000, 4500, 5000, 5500], "win_rate": [0.0, 0.028, 0.018, 0.016, 0.014, 0.008, 0.008, 0.002, 0.0, 0.0, 0.002, 0.002], "epsilon_array": [0.9, 0.8253300000003398, 0.7491900000006864, 0.6734800000010309, 0.5988500000013706, 0.5237500000017123, 0.4499900000017704, 0.3770000000016974, 0.30594000000162636, 0.23696000000155737, 0.1718900000014923, 0.11044000000145104]}