{"log_episodes": [0, 500, 1000, 1500, 2000, 2500, 3000, 3500, 4000, 4500, 5000, 5500, 6000, 6500, 7000, 7500, 8000, 8500, 9000, 9500, 10000, 10500, 11000, 11500, 12000, 12500, 13000, 13500, 14000, 14500, 15000, 15500, 16000, 16500, 17000, 17500, 18000, 18500, 19000, 19500, 20000, 20500, 21000, 21500, 22000, 22500, 23000, 23500, 24000, 24500, 25000, 25500, 26000, 26500, 27000, 27500, 28000, 28500, 29000, 29500], "win_rate": [0.0, 0.028, 0.052, 0.084, 0.18, 0.2, 0.232, 0.294, 0.344, 0.37, 0.418, 0.47, 0.538, 0.518, 0.584, 0.642, 0.662, 0.716, 0.754, 0.79, 0.838, 0.844, 0.896, 0.904, 0.932, 0.966, 0.962, 0.964, 0.968, 0.974, 0.966, 0.956, 0.972, 0.964, 0.94, 0.966, 0.954, 0.966, 0.972, 0.96, 0.954, 0.97, 0.964, 0.962, 0.96, 0.966, 0.974, 0.964, 0.948, 0.96, 0.97, 0.968, 0.972, 0.954, 0.966, 0.96, 0.956, 0.968, 0.978, 0.956], "epsilon_array": [0.9, 0.8613100000001761, 0.822220000000354, 0.7835000000005302, 0.7461500000007002, 0.7092300000008682, 0.6727500000010342, 0.6366000000011988, 0.6022300000013552, 0.5681400000015103, 0.533930000001666, 0.5007400000018171, 0.46910000000178953, 0.43674000000175717, 0.40582000000172624, 0.37565000000169607, 0.3458600000016663, 0.3170900000016375, 0.2886900000016091, 0.2614000000015818, 0.23507000000155548, 0.20873000000152914, 0.1832900000015037, 0.15827000000147867, 0.13448000000145488, 0.11121000000145075, 0.1, 0.1, 0.1, 0.1, 0.1, 0.1, 0.1, 0.1, 0.1, 0.1, 0.1, 0.1, 0.1, 0.1, 0.1, 0.1, 0.1, 0.1, 0.1, 0.1, 0.1, 0.1, 0.1, 0.1, 0.1, 0.1, 0.1, 0.1, 0.1, 0.1, 0.1, 0.1, 0.1, 0.1]}