{"win_rate": 0.0, "episode": 0, "epsilon": 0.9, "_timestamp": 1693968681.111956, "_runtime": 3.580134868621826, "_step": 0, "_wandb": {"runtime": 2}}