{"log_episodes": [0, 500, 1000, 1500, 2000, 2500, 3000, 3500, 4000, 4500, 5000, 5500, 6000, 6500, 7000, 7500, 8000, 8500, 9000, 9500, 10000, 10500, 11000, 11500, 12000, 12500, 13000, 13500, 14000, 14500, 15000, 15500, 16000, 16500, 17000, 17500, 18000, 18500, 19000, 19500, 20000, 20500, 21000, 21500, 22000, 22500, 23000, 23500, 24000, 24500, 25000, 25500, 26000, 26500, 27000, 27500, 28000, 28500, 29000, 29500], "win_rate": [0.0, 0.05, 0.056, 0.046, 0.054, 0.046, 0.046, 0.044, 0.06, 0.048, 0.05, 0.056, 0.05, 0.038, 0.04, 0.046, 0.04, 0.048, 0.038, 0.028, 0.036, 0.046, 0.054, 0.028, 0.022, 0.048, 0.03, 0.03, 0.032, 0.03, 0.034, 0.022, 0.038, 0.038, 0.024, 0.046, 0.03, 0.02, 0.02, 0.048, 0.036, 0.046, 0.022, 0.032, 0.028, 0.026, 0.042, 0.036, 0.044, 0.048, 0.036, 0.032, 0.034, 0.026, 0.042, 0.028, 0.044, 0.034, 0.028, 0.042], "epsilon_array": [0.9, 0.8707200000001333, 0.8366100000002885, 0.8023800000004443, 0.7684500000005987, 0.7342200000007545, 0.6999100000009106, 0.6655300000010671, 0.6315300000012218, 0.5973000000013776, 0.5632100000015328, 0.5290700000016881, 0.49491000000181534, 0.4604800000017809, 0.4259800000017464, 0.3919000000017123, 0.357600000001678, 0.32353000000164395, 0.2891100000016095, 0.25464000000157505, 0.22037000000154078, 0.18632000000150672, 0.1522900000014727, 0.11789000000144816, 0.1, 0.1, 0.1, 0.1, 0.1, 0.1, 0.1, 0.1, 0.1, 0.1, 0.1, 0.1, 0.1, 0.1, 0.1, 0.1, 0.1, 0.1, 0.1, 0.1, 0.1, 0.1, 0.1, 0.1, 0.1, 0.1, 0.1, 0.1, 0.1, 0.1, 0.1, 0.1, 0.1, 0.1, 0.1, 0.1]}