{"log_episodes": [0, 500, 1000, 1500, 2000, 2500, 3000, 3500, 4000, 4500, 5000, 5500, 6000, 6500, 7000, 7500, 8000, 8500, 9000, 9500, 10000, 10500, 11000, 11500, 12000, 12500, 13000, 13500, 14000, 14500, 15000, 15500, 16000, 16500, 17000, 17500, 18000, 18500, 19000, 19500, 20000, 20500, 21000, 21500, 22000, 22500, 23000, 23500, 24000, 24500, 25000, 25500, 26000, 26500, 27000, 27500, 28000, 28500, 29000, 29500], "win_rate": [0.0, 0.002, 0.008, 0.044, 0.096, 0.168, 0.236, 0.302, 0.366, 0.504, 0.548, 0.692, 0.772, 0.824, 0.878, 0.946, 0.964, 0.964, 0.986, 0.982, 0.97, 0.978, 0.972, 0.976, 0.986, 0.984, 0.968, 0.98, 0.962, 0.982, 0.98, 0.974, 0.982, 0.97, 0.98, 0.98, 0.966, 0.98, 0.982, 0.976, 0.986, 0.982, 0.982, 0.978, 0.984, 0.994, 0.978, 0.98, 0.978, 0.986, 0.984, 0.984, 0.98, 0.978, 0.984, 0.99, 0.972, 0.978, 0.952, 0.976], "epsilon_array": [0.9, 0.8448800000002509, 0.7851200000005228, 0.7261500000007912, 0.6676100000010576, 0.6106600000013168, 0.5551800000015693, 0.5008800000018164, 0.4478800000017683, 0.39691000000171733, 0.34755000000166797, 0.30215000000162257, 0.2583000000015787, 0.21587000000153628, 0.1767900000014972, 0.14004000000146044, 0.10500000000145315, 0.1, 0.1, 0.1, 0.1, 0.1, 0.1, 0.1, 0.1, 0.1, 0.1, 0.1, 0.1, 0.1, 0.1, 0.1, 0.1, 0.1, 0.1, 0.1, 0.1, 0.1, 0.1, 0.1, 0.1, 0.1, 0.1, 0.1, 0.1, 0.1, 0.1, 0.1, 0.1, 0.1, 0.1, 0.1, 0.1, 0.1, 0.1, 0.1, 0.1, 0.1, 0.1, 0.1]}