{"log_episodes": [0, 500, 1000, 1500, 2000, 2500, 3000, 3500, 4000, 4500, 5000, 5500, 6000, 6500, 7000, 7500, 8000, 8500, 9000, 9500, 10000, 10500, 11000, 11500, 12000, 12500, 13000, 13500, 14000, 14500, 15000, 15500, 16000, 16500, 17000, 17500, 18000, 18500, 19000, 19500, 20000, 20500, 21000, 21500, 22000, 22500, 23000, 23500, 24000, 24500, 25000, 25500, 26000, 26500, 27000, 27500, 28000, 28500, 29000, 29500], "win_rate": [0.0, 0.026, 0.08, 0.162, 0.272, 0.436, 0.488, 0.624, 0.686, 0.768, 0.832, 0.898, 0.928, 0.948, 0.958, 0.984, 0.982, 0.966, 0.974, 0.962, 0.972, 0.976, 0.966, 0.962, 0.966, 0.976, 0.97, 0.96, 0.964, 0.958, 0.978, 0.96, 0.968, 0.964, 0.968, 0.964, 0.976, 0.96, 0.982, 0.976, 0.976, 0.974, 0.97, 0.974, 0.964, 0.972, 0.974, 0.966, 0.968, 0.982, 0.964, 0.984, 0.964, 0.978, 0.962, 0.952, 0.976, 0.956, 0.974, 0.978], "epsilon_array": [0.9, 0.8051600000004316, 0.7123400000008541, 0.6258600000012476, 0.5453400000016141, 0.47583000000179626, 0.4101000000017305, 0.3539800000016744, 0.3007600000016212, 0.25395000000157436, 0.21247000000153288, 0.17536000000149576, 0.14116000000146156, 0.10950000000145141, 0.1, 0.1, 0.1, 0.1, 0.1, 0.1, 0.1, 0.1, 0.1, 0.1, 0.1, 0.1, 0.1, 0.1, 0.1, 0.1, 0.1, 0.1, 0.1, 0.1, 0.1, 0.1, 0.1, 0.1, 0.1, 0.1, 0.1, 0.1, 0.1, 0.1, 0.1, 0.1, 0.1, 0.1, 0.1, 0.1, 0.1, 0.1, 0.1, 0.1, 0.1, 0.1, 0.1, 0.1, 0.1, 0.1]}