{"log_episodes": [0, 500, 1000, 1500, 2000, 2500], "win_rate": [0.0, 0.03, 0.016, 0.012, 0.012, 0.004], "epsilon_array": [0.9, 0.8259900000003368, 0.7498800000006832, 0.6742600000010274, 0.5994000000013681, 0.5251100000017062]}