{"win_rate": 0.164, "episode": 29500, "_timestamp": 1694020399.4713044, "_runtime": 353.7471103668213, "_step": 59, "_wandb": {"runtime": 360}}