{"win_rate": 0.0, "episode": 8500, "_timestamp": 1693752169.2394576, "_runtime": 3406.9040427207947, "_step": 17}