{"win_rate": 0.218, "episode": 29500, "_timestamp": 1694020393.7481375, "_runtime": 338.15116453170776, "_step": 59, "_wandb": {"runtime": 344}}