{"log_episodes": [0, 500, 1000, 1500, 2000, 2500, 3000, 3500, 4000, 4500, 5000, 5500, 6000, 6500, 7000, 7500, 8000, 8500, 9000, 9500, 10000, 10500, 11000, 11500, 12000, 12500, 13000, 13500, 14000, 14500, 15000, 15500, 16000, 16500, 17000, 17500, 18000, 18500, 19000, 19500, 20000, 20500, 21000, 21500, 22000, 22500, 23000, 23500, 24000, 24500, 25000, 25500, 26000, 26500, 27000, 27500, 28000, 28500, 29000, 29500], "win_rate": [0.0, 0.45, 0.734, 0.676, 0.748, 0.74, 0.786, 0.794, 0.86, 0.84, 0.836, 0.886, 0.896, 0.888, 0.908, 0.874, 0.926, 0.91, 0.91, 0.948, 0.948, 0.94, 0.962, 0.962, 0.938, 0.946, 0.926, 0.958, 0.968, 0.95, 0.956, 0.948, 0.958, 0.936, 0.948, 0.964, 0.95, 0.95, 0.96, 0.942, 0.94, 0.936, 0.942, 0.962, 0.946, 0.938, 0.938, 0.958, 0.962, 0.956, 0.96, 0.96, 0.956, 0.96, 0.946, 0.934, 0.95, 0.94, 0.938, 0.946], "epsilon_array": [0.4, 0.37611999999997614, 0.35751999999995754, 0.33752999999993755, 0.3190999999999191, 0.30091999999990093, 0.2839099999998839, 0.2674799999998675, 0.25261999999985263, 0.23702999999983704, 0.22116999999982118, 0.20687999999980689, 0.1927999999997928, 0.17844999999977845, 0.1650899999997651, 0.15076999999975077, 0.1378999999997379, 0.1242699999997253, 0.11104999999973042, 0.1, 0.1, 0.1, 0.1, 0.1, 0.1, 0.1, 0.1, 0.1, 0.1, 0.1, 0.1, 0.1, 0.1, 0.1, 0.1, 0.1, 0.1, 0.1, 0.1, 0.1, 0.1, 0.1, 0.1, 0.1, 0.1, 0.1, 0.1, 0.1, 0.1, 0.1, 0.1, 0.1, 0.1, 0.1, 0.1, 0.1, 0.1, 0.1, 0.1, 0.1]}