{"win_rate": 0.0, "episode": 0, "epsilon": 0.9, "_timestamp": 1694007984.545525, "_runtime": 5.202655076980591, "_step": 0, "_wandb": {"runtime": 5}}