{"return": 1.0, "_timestamp": 1693712378.61547, "_runtime": 3284.762675046921, "_step": 58}