{"return": 1.0, "_timestamp": 1693694177.0008621, "_runtime": 8761.18774819374, "_step": 499, "_wandb": {"runtime": 8759}}