{"win_rate": 0.0, "episode": 7500, "epsilon": 0.1, "_timestamp": 1693935962.2049787, "_runtime": 246.26054978370667, "_step": 15, "_wandb": {"runtime": 248}}