{"log_episodes": [0, 500, 1000, 1500, 2000, 2500, 3000, 3500, 4000, 4500, 5000, 5500, 6000, 6500, 7000, 7500, 8000, 8500, 9000, 9500, 10000, 10500, 11000, 11500, 12000, 12500, 13000, 13500, 14000, 14500, 15000, 15500, 16000, 16500, 17000, 17500, 18000, 18500, 19000, 19500, 20000, 20500, 21000, 21500, 22000, 22500, 23000, 23500, 24000, 24500, 25000, 25500, 26000, 26500, 27000, 27500, 28000, 28500, 29000, 29500], "win_rate": [0.0, 0.012, 0.006, 0.012, 0.008, 0.018, 0.02, 0.036, 0.046, 0.094, 0.19, 0.446, 0.63, 0.728, 0.77, 0.832, 0.902, 0.902, 0.968, 0.968, 0.958, 0.964, 0.966, 0.982, 0.964, 0.964, 0.966, 0.972, 0.968, 0.954, 0.974, 0.97, 0.954, 0.968, 0.964, 0.978, 0.968, 0.972, 0.97, 0.972, 0.968, 0.96, 0.97, 0.978, 0.972, 0.97, 0.98, 0.972, 0.98, 0.974, 0.964, 0.96, 0.966, 0.98, 0.968, 0.976, 0.98, 0.972, 0.966, 0.966], "epsilon_array": [0.9, 0.8508800000002236, 0.8010200000004505, 0.7513500000006765, 0.7015100000009034, 0.65172000000113, 0.6021000000013558, 0.5527200000015805, 0.5036600000018038, 0.45500000000177543, 0.40823000000172865, 0.3664000000016868, 0.32742000000164784, 0.290580000001611, 0.25506000000157547, 0.2212900000015417, 0.18947000000150988, 0.15798000000147838, 0.12822000000144862, 0.1, 0.1, 0.1, 0.1, 0.1, 0.1, 0.1, 0.1, 0.1, 0.1, 0.1, 0.1, 0.1, 0.1, 0.1, 0.1, 0.1, 0.1, 0.1, 0.1, 0.1, 0.1, 0.1, 0.1, 0.1, 0.1, 0.1, 0.1, 0.1, 0.1, 0.1, 0.1, 0.1, 0.1, 0.1, 0.1, 0.1, 0.1, 0.1, 0.1, 0.1]}